$ tsc --noEmit
server.ts(21,30): error TS6305: Output file '/home/nate/Oxy/Mention/.worktrees/1572-bounded-shadow-20261004/packages/shared-types/dist/index.d.ts' has not been built from source file '/home/nate/Oxy/Mention/.worktrees/1572-bounded-shadow-20261004/packages/shared-types/src/index.ts'.
src/app.ts(1,43): error TS6305: Output file '/home/nate/Oxy/Mention/.worktrees/1572-bounded-shadow-20261004/packages/shared-types/dist/deployment.d.ts' has not been built from source file '/home/nate/Oxy/Mention/.worktrees/1572-bounded-shadow-20261004/packages/shared-types/src/deployment.ts'.
src/capabilities/capabilityAuth.middleware.ts(12,8): error TS6305: Output file '/home/nate/Oxy/Mention/.worktrees/1572-bounded-shadow-20261004/packages/shared-types/dist/mcpCapabilities.d.ts' has not been built from source file '/home/nate/Oxy/Mention/.worktrees/1572-bounded-shadow-20261004/packages/shared-types/src/mcpCapabilities.ts'.
src/capabilities/capabilityAuth.middleware.ts(140,34): error TS7006: Parameter 'requirement' implicitly has an 'any' type.
src/capabilities/capabilityEffectIdempotency.middleware.ts(5,8): error TS6305: Output file '/home/nate/Oxy/Mention/.worktrees/1572-bounded-shadow-20261004/packages/shared-types/dist/mcpCapabilities.d.ts' has not been built from source file '/home/nate/Oxy/Mention/.worktrees/1572-bounded-shadow-20261004/packages/shared-types/src/mcpCapabilities.ts'.
src/capabilities/capabilityEffectIdempotency.middleware.ts(44,14): error TS7006: Parameter 'requirement' implicitly has an 'any' type.
src/config/index.ts(1,96): error TS6305: Output file '/home/nate/Oxy/Mention/.worktrees/1572-bounded-shadow-20261004/packages/shared-types/dist/deployment.d.ts' has not been built from source file '/home/nate/Oxy/Mention/.worktrees/1572-bounded-shadow-20261004/packages/shared-types/src/deployment.ts'.
src/connectors/ConnectorRegistry.ts(1,34): error TS6305: Output file '/home/nate/Oxy/Mention/.worktrees/1572-bounded-shadow-20261004/packages/shared-types/dist/index.d.ts' has not been built from source file '/home/nate/Oxy/Mention/.worktrees/1572-bounded-shadow-20261004/packages/shared-types/src/index.ts'.
src/connectors/activitypub/ActivityPubConnector.ts(1,34): error TS6305: Output file '/home/nate/Oxy/Mention/.worktrees/1572-bounded-shadow-20261004/packages/shared-types/dist/index.d.ts' has not been built from source file '/home/nate/Oxy/Mention/.worktrees/1572-bounded-shadow-20261004/packages/shared-types/src/index.ts'.
src/connectors/activitypub/apMedia.ts(1,32): error TS6305: Output file '/home/nate/Oxy/Mention/.worktrees/1572-bounded-shadow-20261004/packages/shared-types/dist/index.d.ts' has not been built from source file '/home/nate/Oxy/Mention/.worktrees/1572-bounded-shadow-20261004/packages/shared-types/src/index.ts'.
src/connectors/activitypub/apMentions.ts(4,8): error TS6305: Output file '/home/nate/Oxy/Mention/.worktrees/1572-bounded-shadow-20261004/packages/shared-types/dist/mentions.d.ts' has not been built from source file '/home/nate/Oxy/Mention/.worktrees/1572-bounded-shadow-20261004/packages/shared-types/src/mentions.ts'.
src/connectors/activitypub/apPostContent.ts(7,8): error TS6305: Output file '/home/nate/Oxy/Mention/.worktrees/1572-bounded-shadow-20261004/packages/shared-types/dist/index.d.ts' has not been built from source file '/home/nate/Oxy/Mention/.worktrees/1572-bounded-shadow-20261004/packages/shared-types/src/index.ts'.
src/connectors/activitypub/apPostContent.ts(9,36): error TS6305: Output file '/home/nate/Oxy/Mention/.worktrees/1572-bounded-shadow-20261004/packages/shared-types/dist/textEntities.d.ts' has not been built from source file '/home/nate/Oxy/Mention/.worktrees/1572-bounded-shadow-20261004/packages/shared-types/src/textEntities.ts'.
src/connectors/activitypub/federationBlockPolicy.ts(6,8): error TS6305: Output file '/home/nate/Oxy/Mention/.worktrees/1572-bounded-shadow-20261004/packages/shared-types/dist/index.d.ts' has not been built from source file '/home/nate/Oxy/Mention/.worktrees/1572-bounded-shadow-20261004/packages/shared-types/src/index.ts'.
src/connectors/activitypub/follow.service.ts(22,91): error TS6305: Output file '/home/nate/Oxy/Mention/.worktrees/1572-bounded-shadow-20261004/packages/shared-types/dist/index.d.ts' has not been built from source file '/home/nate/Oxy/Mention/.worktrees/1572-bounded-shadow-20261004/packages/shared-types/src/index.ts'.
src/connectors/activitypub/helpers.ts(13,48): error TS6305: Output file '/home/nate/Oxy/Mention/.worktrees/1572-bounded-shadow-20261004/packages/shared-types/dist/index.d.ts' has not been built from source file '/home/nate/Oxy/Mention/.worktrees/1572-bounded-shadow-20261004/packages/shared-types/src/index.ts'.
src/connectors/activitypub/inbox.service.ts(36,26): error TS6305: Output file '/home/nate/Oxy/Mention/.worktrees/1572-bounded-shadow-20261004/packages/shared-types/dist/index.d.ts' has not been built from source file '/home/nate/Oxy/Mention/.worktrees/1572-bounded-shadow-20261004/packages/shared-types/src/index.ts'.
src/connectors/activitypub/inbox.service.ts(71,37): error TS6305: Output file '/home/nate/Oxy/Mention/.worktrees/1572-bounded-shadow-20261004/packages/shared-types/dist/profileUrls.d.ts' has not been built from source file '/home/nate/Oxy/Mention/.worktrees/1572-bounded-shadow-20261004/packages/shared-types/src/profileUrls.ts'.
src/connectors/activitypub/inbox.service.ts(72,36): error TS6305: Output file '/home/nate/Oxy/Mention/.worktrees/1572-bounded-shadow-20261004/packages/shared-types/dist/mentions.d.ts' has not been built from source file '/home/nate/Oxy/Mention/.worktrees/1572-bounded-shadow-20261004/packages/shared-types/src/mentions.ts'.
src/connectors/activitypub/outbox.service.ts(35,32): error TS6305: Output file '/home/nate/Oxy/Mention/.worktrees/1572-bounded-shadow-20261004/packages/shared-types/dist/index.d.ts' has not been built from source file '/home/nate/Oxy/Mention/.worktrees/1572-bounded-shadow-20261004/packages/shared-types/src/index.ts'.
src/connectors/activitypub/outbox.service.ts(51,47): error TS6305: Output file '/home/nate/Oxy/Mention/.worktrees/1572-bounded-shadow-20261004/packages/shared-types/dist/index.d.ts' has not been built from source file '/home/nate/Oxy/Mention/.worktrees/1572-bounded-shadow-20261004/packages/shared-types/src/index.ts'.
src/connectors/atproto/AtprotoConnector.ts(1,34): error TS6305: Output file '/home/nate/Oxy/Mention/.worktrees/1572-bounded-shadow-20261004/packages/shared-types/dist/index.d.ts' has not been built from source file '/home/nate/Oxy/Mention/.worktrees/1572-bounded-shadow-20261004/packages/shared-types/src/index.ts'.
src/connectors/atproto/bridge/recordTranslator.ts(40,8): error TS6305: Output file '/home/nate/Oxy/Mention/.worktrees/1572-bounded-shadow-20261004/packages/shared-types/dist/index.d.ts' has not been built from source file '/home/nate/Oxy/Mention/.worktrees/1572-bounded-shadow-20261004/packages/shared-types/src/index.ts'.
src/connectors/atproto/bridge/recordTranslator.ts(211,16): error TS7006: Parameter 'f' implicitly has an 'any' type.
src/connectors/atproto/bridge/recordTranslator.ts(315,34): error TS7006: Parameter 'item' implicitly has an 'any' type.
src/connectors/atproto/bridge/repoReadService.ts(32,8): error TS6305: Output file '/home/nate/Oxy/Mention/.worktrees/1572-bounded-shadow-20261004/packages/shared-types/dist/index.d.ts' has not been built from source file '/home/nate/Oxy/Mention/.worktrees/1572-bounded-shadow-20261004/packages/shared-types/src/index.ts'.
src/connectors/atproto/post.mapper.ts(1,32): error TS6305: Output file '/home/nate/Oxy/Mention/.worktrees/1572-bounded-shadow-20261004/packages/shared-types/dist/index.d.ts' has not been built from source file '/home/nate/Oxy/Mention/.worktrees/1572-bounded-shadow-20261004/packages/shared-types/src/index.ts'.
src/connectors/atproto/post.mapper.ts(13,32): error TS6305: Output file '/home/nate/Oxy/Mention/.worktrees/1572-bounded-shadow-20261004/packages/shared-types/dist/index.d.ts' has not been built from source file '/home/nate/Oxy/Mention/.worktrees/1572-bounded-shadow-20261004/packages/shared-types/src/index.ts'.
src/connectors/connectors.routes.ts(12,8): error TS6305: Output file '/home/nate/Oxy/Mention/.worktrees/1572-bounded-shadow-20261004/packages/shared-types/dist/index.d.ts' has not been built from source file '/home/nate/Oxy/Mention/.worktrees/1572-bounded-shadow-20261004/packages/shared-types/src/index.ts'.
src/connectors/index.ts(1,34): error TS6305: Output file '/home/nate/Oxy/Mention/.worktrees/1572-bounded-shadow-20261004/packages/shared-types/dist/index.d.ts' has not been built from source file '/home/nate/Oxy/Mention/.worktrees/1572-bounded-shadow-20261004/packages/shared-types/src/index.ts'.
src/connectors/instagram/InstagramGraphConnector.ts(1,34): error TS6305: Output file '/home/nate/Oxy/Mention/.worktrees/1572-bounded-shadow-20261004/packages/shared-types/dist/index.d.ts' has not been built from source file '/home/nate/Oxy/Mention/.worktrees/1572-bounded-shadow-20261004/packages/shared-types/src/index.ts'.
src/connectors/instagram/importer.ts(3,48): error TS6305: Output file '/home/nate/Oxy/Mention/.worktrees/1572-bounded-shadow-20261004/packages/shared-types/dist/index.d.ts' has not been built from source file '/home/nate/Oxy/Mention/.worktrees/1572-bounded-shadow-20261004/packages/shared-types/src/index.ts'.
src/connectors/instagram/media.mapper.ts(2,36): error TS6305: Output file '/home/nate/Oxy/Mention/.worktrees/1572-bounded-shadow-20261004/packages/shared-types/dist/textEntities.d.ts' has not been built from source file '/home/nate/Oxy/Mention/.worktrees/1572-bounded-shadow-20261004/packages/shared-types/src/textEntities.ts'.
src/connectors/outboundFederation.ts(1,34): error TS6305: Output file '/home/nate/Oxy/Mention/.worktrees/1572-bounded-shadow-20261004/packages/shared-types/dist/index.d.ts' has not been built from source file '/home/nate/Oxy/Mention/.worktrees/1572-bounded-shadow-20261004/packages/shared-types/src/index.ts'.
src/connectors/shared/federatedMedia.ts(1,32): error TS6305: Output file '/home/nate/Oxy/Mention/.worktrees/1572-bounded-shadow-20261004/packages/shared-types/dist/index.d.ts' has not been built from source file '/home/nate/Oxy/Mention/.worktrees/1572-bounded-shadow-20261004/packages/shared-types/src/index.ts'.
src/controllers/feed.controller.ts(10,8): error TS6305: Output file '/home/nate/Oxy/Mention/.worktrees/1572-bounded-shadow-20261004/packages/shared-types/dist/index.d.ts' has not been built from source file '/home/nate/Oxy/Mention/.worktrees/1572-bounded-shadow-20261004/packages/shared-types/src/index.ts'.
src/controllers/feed.controller.ts(13,8): error TS6305: Output file '/home/nate/Oxy/Mention/.worktrees/1572-bounded-shadow-20261004/packages/shared-types/dist/mentions.d.ts' has not been built from source file '/home/nate/Oxy/Mention/.worktrees/1572-bounded-shadow-20261004/packages/shared-types/src/mentions.ts'.
src/controllers/jobApplications.controller.ts(36,50): error TS6305: Output file '/home/nate/Oxy/Mention/.worktrees/1572-bounded-shadow-20261004/packages/shared-types/dist/index.d.ts' has not been built from source file '/home/nate/Oxy/Mention/.worktrees/1572-bounded-shadow-20261004/packages/shared-types/src/index.ts'.
src/controllers/jobPlaces.controller.ts(14,85): error TS6305: Output file '/home/nate/Oxy/Mention/.worktrees/1572-bounded-shadow-20261004/packages/shared-types/dist/index.d.ts' has not been built from source file '/home/nate/Oxy/Mention/.worktrees/1572-bounded-shadow-20261004/packages/shared-types/src/index.ts'.
src/controllers/jobs.controller.ts(15,8): error TS6305: Output file '/home/nate/Oxy/Mention/.worktrees/1572-bounded-shadow-20261004/packages/shared-types/dist/index.d.ts' has not been built from source file '/home/nate/Oxy/Mention/.worktrees/1572-bounded-shadow-20261004/packages/shared-types/src/index.ts'.
src/controllers/jobs.controller.ts(96,9): error TS2322: Type '{ min: number | undefined; max: number | undefined; currency: string | undefined; } | undefined' is not assignable to type 'JobSalaryFilter | undefined'.
  Type '{ min: number | undefined; max: number | undefined; currency: string | undefined; }' is not assignable to type 'JobSalaryFilter'.
    Types of property 'currency' are incompatible.
      Type 'string | undefined' is not assignable to type '"ALL" | "CDF" | "AED" | "AFN" | "AMD" | "AOA" | "ARS" | "AUD" | "AWG" | "AZN" | "BAM" | "BBD" | "BDT" | "BHD" | "BIF" | "BMD" | "BND" | "BOB" | "BRL" | "BSD" | "BTN" | "BWP" | "BYN" | ... 132 more ... | undefined'.
        Type 'string' is not assignable to type '"ALL" | "CDF" | "AED" | "AFN" | "AMD" | "AOA" | "ARS" | "AUD" | "AWG" | "AZN" | "BAM" | "BBD" | "BDT" | "BHD" | "BIF" | "BMD" | "BND" | "BOB" | "BRL" | "BSD" | "BTN" | "BWP" | "BYN" | ... 132 more ... | undefined'.
src/controllers/jobsManagement.controller.ts(22,8): error TS6305: Output file '/home/nate/Oxy/Mention/.worktrees/1572-bounded-shadow-20261004/packages/shared-types/dist/index.d.ts' has not been built from source file '/home/nate/Oxy/Mention/.worktrees/1572-bounded-shadow-20261004/packages/shared-types/src/index.ts'.
src/controllers/polls.controller.ts(20,64): error TS6305: Output file '/home/nate/Oxy/Mention/.worktrees/1572-bounded-shadow-20261004/packages/shared-types/dist/index.d.ts' has not been built from source file '/home/nate/Oxy/Mention/.worktrees/1572-bounded-shadow-20261004/packages/shared-types/src/index.ts'.
src/controllers/postEditSource.controller.ts(8,8): error TS6305: Output file '/home/nate/Oxy/Mention/.worktrees/1572-bounded-shadow-20261004/packages/shared-types/dist/post.d.ts' has not been built from source file '/home/nate/Oxy/Mention/.worktrees/1572-bounded-shadow-20261004/packages/shared-types/src/post.ts'.
src/controllers/postEditSource.controller.ts(11,8): error TS6305: Output file '/home/nate/Oxy/Mention/.worktrees/1572-bounded-shadow-20261004/packages/shared-types/dist/mentions.d.ts' has not been built from source file '/home/nate/Oxy/Mention/.worktrees/1572-bounded-shadow-20261004/packages/shared-types/src/mentions.ts'.
src/controllers/posts/composeInput.ts(11,78): error TS6305: Output file '/home/nate/Oxy/Mention/.worktrees/1572-bounded-shadow-20261004/packages/shared-types/dist/index.d.ts' has not been built from source file '/home/nate/Oxy/Mention/.worktrees/1572-bounded-shadow-20261004/packages/shared-types/src/index.ts'.
src/controllers/posts/composeInput.ts(12,38): error TS6305: Output file '/home/nate/Oxy/Mention/.worktrees/1572-bounded-shadow-20261004/packages/shared-types/dist/index.d.ts' has not been built from source file '/home/nate/Oxy/Mention/.worktrees/1572-bounded-shadow-20261004/packages/shared-types/src/index.ts'.
src/controllers/posts/createPost.ts(12,45): error TS6305: Output file '/home/nate/Oxy/Mention/.worktrees/1572-bounded-shadow-20261004/packages/shared-types/dist/index.d.ts' has not been built from source file '/home/nate/Oxy/Mention/.worktrees/1572-bounded-shadow-20261004/packages/shared-types/src/index.ts'.
src/controllers/posts/createPost.ts(13,38): error TS6305: Output file '/home/nate/Oxy/Mention/.worktrees/1572-bounded-shadow-20261004/packages/shared-types/dist/index.d.ts' has not been built from source file '/home/nate/Oxy/Mention/.worktrees/1572-bounded-shadow-20261004/packages/shared-types/src/index.ts'.
src/controllers/posts/createPost.ts(289,52): error TS6305: Output file '/home/nate/Oxy/Mention/.worktrees/1572-bounded-shadow-20261004/packages/shared-types/dist/index.d.ts' has not been built from source file '/home/nate/Oxy/Mention/.worktrees/1572-bounded-shadow-20261004/packages/shared-types/src/index.ts'.
src/controllers/posts/createPost.ts(296,50): error TS6305: Output file '/home/nate/Oxy/Mention/.worktrees/1572-bounded-shadow-20261004/packages/shared-types/dist/index.d.ts' has not been built from source file '/home/nate/Oxy/Mention/.worktrees/1572-bounded-shadow-20261004/packages/shared-types/src/index.ts'.
src/controllers/posts/createThread.ts(15,65): error TS6305: Output file '/home/nate/Oxy/Mention/.worktrees/1572-bounded-shadow-20261004/packages/shared-types/dist/index.d.ts' has not been built from source file '/home/nate/Oxy/Mention/.worktrees/1572-bounded-shadow-20261004/packages/shared-types/src/index.ts'.
src/controllers/posts/createThread.ts(16,38): error TS6305: Output file '/home/nate/Oxy/Mention/.worktrees/1572-bounded-shadow-20261004/packages/shared-types/dist/index.d.ts' has not been built from source file '/home/nate/Oxy/Mention/.worktrees/1572-bounded-shadow-20261004/packages/shared-types/src/index.ts'.
src/controllers/posts/createThread.ts(451,60): error TS6305: Output file '/home/nate/Oxy/Mention/.worktrees/1572-bounded-shadow-20261004/packages/shared-types/dist/index.d.ts' has not been built from source file '/home/nate/Oxy/Mention/.worktrees/1572-bounded-shadow-20261004/packages/shared-types/src/index.ts'.
src/controllers/posts/createThread.ts(457,58): error TS6305: Output file '/home/nate/Oxy/Mention/.worktrees/1572-bounded-shadow-20261004/packages/shared-types/dist/index.d.ts' has not been built from source file '/home/nate/Oxy/Mention/.worktrees/1572-bounded-shadow-20261004/packages/shared-types/src/index.ts'.
src/controllers/posts/engagementLists.ts(16,26): error TS6305: Output file '/home/nate/Oxy/Mention/.worktrees/1572-bounded-shadow-20261004/packages/shared-types/dist/index.d.ts' has not been built from source file '/home/nate/Oxy/Mention/.worktrees/1572-bounded-shadow-20261004/packages/shared-types/src/index.ts'.
src/controllers/posts/linkDocuments.ts(8,8): error TS6305: Output file '/home/nate/Oxy/Mention/.worktrees/1572-bounded-shadow-20261004/packages/shared-types/dist/index.d.ts' has not been built from source file '/home/nate/Oxy/Mention/.worktrees/1572-bounded-shadow-20261004/packages/shared-types/src/index.ts'.
src/controllers/posts/postSettings.ts(14,33): error TS6305: Output file '/home/nate/Oxy/Mention/.worktrees/1572-bounded-shadow-20261004/packages/shared-types/dist/index.d.ts' has not been built from source file '/home/nate/Oxy/Mention/.worktrees/1572-bounded-shadow-20261004/packages/shared-types/src/index.ts'.
src/controllers/posts/readPosts.ts(15,46): error TS6305: Output file '/home/nate/Oxy/Mention/.worktrees/1572-bounded-shadow-20261004/packages/shared-types/dist/index.d.ts' has not been built from source file '/home/nate/Oxy/Mention/.worktrees/1572-bounded-shadow-20261004/packages/shared-types/src/index.ts'.
src/controllers/posts/updatePost.ts(18,88): error TS6305: Output file '/home/nate/Oxy/Mention/.worktrees/1572-bounded-shadow-20261004/packages/shared-types/dist/index.d.ts' has not been built from source file '/home/nate/Oxy/Mention/.worktrees/1572-bounded-shadow-20261004/packages/shared-types/src/index.ts'.
src/controllers/posts/updatePost.ts(19,41): error TS6305: Output file '/home/nate/Oxy/Mention/.worktrees/1572-bounded-shadow-20261004/packages/shared-types/dist/mentions.d.ts' has not been built from source file '/home/nate/Oxy/Mention/.worktrees/1572-bounded-shadow-20261004/packages/shared-types/src/mentions.ts'.
src/controllers/posts/updatePost.ts(220,74): error TS7006: Parameter 'item' implicitly has an 'any' type.
src/controllers/statistics.controller.ts(6,42): error TS6305: Output file '/home/nate/Oxy/Mention/.worktrees/1572-bounded-shadow-20261004/packages/shared-types/dist/index.d.ts' has not been built from source file '/home/nate/Oxy/Mention/.worktrees/1572-bounded-shadow-20261004/packages/shared-types/src/index.ts'.
src/db/channels/laneRepository.ts(21,38): error TS6305: Output file '/home/nate/Oxy/Mention/.worktrees/1572-bounded-shadow-20261004/packages/shared-types/dist/index.d.ts' has not been built from source file '/home/nate/Oxy/Mention/.worktrees/1572-bounded-shadow-20261004/packages/shared-types/src/index.ts'.
src/db/feeds/feedPreferenceRepository.ts(27,32): error TS6305: Output file '/home/nate/Oxy/Mention/.worktrees/1572-bounded-shadow-20261004/packages/shared-types/dist/index.d.ts' has not been built from source file '/home/nate/Oxy/Mention/.worktrees/1572-bounded-shadow-20261004/packages/shared-types/src/index.ts'.
src/db/imports/postImportRepository.ts(10,59): error TS6305: Output file '/home/nate/Oxy/Mention/.worktrees/1572-bounded-shadow-20261004/packages/shared-types/dist/index.d.ts' has not been built from source file '/home/nate/Oxy/Mention/.worktrees/1572-bounded-shadow-20261004/packages/shared-types/src/index.ts'.
src/db/jobs/jobApplicationRepository.ts(25,8): error TS6305: Output file '/home/nate/Oxy/Mention/.worktrees/1572-bounded-shadow-20261004/packages/shared-types/dist/index.d.ts' has not been built from source file '/home/nate/Oxy/Mention/.worktrees/1572-bounded-shadow-20261004/packages/shared-types/src/index.ts'.
src/db/jobs/jobMetricsRepository.ts(17,70): error TS6305: Output file '/home/nate/Oxy/Mention/.worktrees/1572-bounded-shadow-20261004/packages/shared-types/dist/index.d.ts' has not been built from source file '/home/nate/Oxy/Mention/.worktrees/1572-bounded-shadow-20261004/packages/shared-types/src/index.ts'.
src/db/jobs/jobRepository.ts(20,8): error TS6305: Output file '/home/nate/Oxy/Mention/.worktrees/1572-bounded-shadow-20261004/packages/shared-types/dist/index.d.ts' has not been built from source file '/home/nate/Oxy/Mention/.worktrees/1572-bounded-shadow-20261004/packages/shared-types/src/index.ts'.
src/db/jobs/jobRepository.ts(268,3): error TS2739: Type '{}' is missing the following properties from type 'Pick<MentionJobListFilters, "status" | "limit">': status, limit
src/db/posts/authorPostCounts.ts(2,42): error TS6305: Output file '/home/nate/Oxy/Mention/.worktrees/1572-bounded-shadow-20261004/packages/shared-types/dist/index.d.ts' has not been built from source file '/home/nate/Oxy/Mention/.worktrees/1572-bounded-shadow-20261004/packages/shared-types/src/index.ts'.
src/db/posts/postCorrectionsRepository.ts(27,37): error TS6305: Output file '/home/nate/Oxy/Mention/.worktrees/1572-bounded-shadow-20261004/packages/shared-types/dist/post.d.ts' has not been built from source file '/home/nate/Oxy/Mention/.worktrees/1572-bounded-shadow-20261004/packages/shared-types/src/post.ts'.
src/db/posts/postEvaluationRepository.ts(108,54): error TS2769: No overload matches this call.
  Overload 1 of 2, '(value: { postId: string | SQL<unknown> | Placeholder<string, any>; fingerprint: string | SQL<unknown> | Placeholder<string, any>; state: "completed" | SQL<...> | ... 4 more ... | Placeholder<...>; ... 17 more ...; usageReconciliation?: SQL<...> | ... 3 more ... | undefined; }): PgInsertBase<...>', gave the following error.
    Argument of type '{ postId: string; fingerprint: string; model: string; receiptAuthority: { applicationId: string; credentialId: string; environment: "development" | "production" | "staging"; delegatedUserId?: string | undefined; } | null; ... 7 more ...; id?: unknown; }' is not assignable to parameter of type '{ postId: string | SQL<unknown> | Placeholder<string, any>; fingerprint: string | SQL<unknown> | Placeholder<string, any>; state: "completed" | SQL<unknown> | ... 4 more ... | Placeholder<...>; ... 17 more ...; usageReconciliation?: SQL<...> | ... 3 more ... | undefined; }'.
      Types of property 'id' are incompatible.
        Type 'unknown' is not assignable to type 'string | SQL<unknown> | Placeholder<string, any> | undefined'.
  Overload 2 of 2, '(values: { postId: string | SQL<unknown> | Placeholder<string, any>; fingerprint: string | SQL<unknown> | Placeholder<string, any>; state: "completed" | SQL<...> | ... 4 more ... | Placeholder<...>; ... 17 more ...; usageReconciliation?: SQL<...> | ... 3 more ... | undefined; }[]): PgInsertBase<...>', gave the following error.
    Object literal may only specify known properties, and 'postId' does not exist in type '{ postId: string | SQL<unknown> | Placeholder<string, any>; fingerprint: string | SQL<unknown> | Placeholder<string, any>; state: "completed" | SQL<unknown> | ... 4 more ... | Placeholder<...>; ... 17 more ...; usageReconciliation?: SQL<...> | ... 3 more ... | undefined; }[]'.
src/db/posts/postRecord.ts(55,8): error TS6305: Output file '/home/nate/Oxy/Mention/.worktrees/1572-bounded-shadow-20261004/packages/shared-types/dist/index.d.ts' has not been built from source file '/home/nate/Oxy/Mention/.worktrees/1572-bounded-shadow-20261004/packages/shared-types/src/index.ts'.
src/db/posts/postRepository.ts(59,42): error TS6305: Output file '/home/nate/Oxy/Mention/.worktrees/1572-bounded-shadow-20261004/packages/shared-types/dist/index.d.ts' has not been built from source file '/home/nate/Oxy/Mention/.worktrees/1572-bounded-shadow-20261004/packages/shared-types/src/index.ts'.
src/db/posts/postRepository.ts(69,8): error TS6305: Output file '/home/nate/Oxy/Mention/.worktrees/1572-bounded-shadow-20261004/packages/shared-types/dist/index.d.ts' has not been built from source file '/home/nate/Oxy/Mention/.worktrees/1572-bounded-shadow-20261004/packages/shared-types/src/index.ts'.
src/db/posts/postRepository.ts(1006,50): error TS7006: Parameter 'variant' implicitly has an 'any' type.
src/db/posts/postRepository.ts(1011,42): error TS7006: Parameter 'variant' implicitly has an 'any' type.
src/db/posts/postRepository.ts(1020,53): error TS7006: Parameter 'attachment' implicitly has an 'any' type.
src/db/posts/postRepository.ts(1068,51): error TS7006: Parameter 'variant' implicitly has an 'any' type.
src/db/posts/postRepository.ts(1077,21): error TS7006: Parameter 'variant' implicitly has an 'any' type.
src/db/posts/postRepository.ts(1077,30): error TS7006: Parameter 'position' implicitly has an 'any' type.
src/db/posts/postRepository.ts(1094,44): error TS7006: Parameter 'variant' implicitly has an 'any' type.
src/db/posts/postRepository.ts(1094,53): error TS7006: Parameter 'index' implicitly has an 'any' type.
src/db/posts/postRepository.ts(1095,34): error TS7006: Parameter 'item' implicitly has an 'any' type.
src/db/posts/postRepository.ts(1095,40): error TS7006: Parameter 'position' implicitly has an 'any' type.
src/db/posts/postRepository.ts(1104,39): error TS7006: Parameter 'variant' implicitly has an 'any' type.
src/db/posts/postRepository.ts(1104,48): error TS7006: Parameter 'index' implicitly has an 'any' type.
src/db/posts/postRepository.ts(1119,18): error TS7006: Parameter 'item' implicitly has an 'any' type.
src/db/posts/postRepository.ts(1119,24): error TS7006: Parameter 'position' implicitly has an 'any' type.
src/db/posts/postRepository.ts(1134,24): error TS7006: Parameter 'attachment' implicitly has an 'any' type.
src/db/posts/postRepository.ts(1134,36): error TS7006: Parameter 'position' implicitly has an 'any' type.
src/db/posts/postRepository.ts(1147,20): error TS7006: Parameter 'source' implicitly has an 'any' type.
src/db/posts/postRepository.ts(1147,28): error TS7006: Parameter 'position' implicitly has an 'any' type.
src/db/posts/postRepository.ts(1796,39): error TS7006: Parameter 'entry' implicitly has an 'any' type.
src/db/posts/postRepository.ts(1798,37): error TS7006: Parameter 'entry' implicitly has an 'any' type.
src/db/posts/postRepository.ts(1847,71): error TS7006: Parameter 'item' implicitly has an 'any' type.
src/db/posts/postRepository.ts(1852,51): error TS2769: No overload matches this call.
  Overload 1 of 2, '(value: { description: string | SQL<unknown> | Placeholder<string, any>; mediaId: string | SQL<unknown> | Placeholder<string, any>; variantId: string | SQL<...> | Placeholder<...>; id?: string | ... 2 more ... | undefined; }): PgInsertBase<...>', gave the following error.
    Argument of type '{ variantId: string; mediaId: string; description: unknown; }[]' is not assignable to parameter of type '{ description: string | SQL<unknown> | Placeholder<string, any>; mediaId: string | SQL<unknown> | Placeholder<string, any>; variantId: string | SQL<unknown> | Placeholder<...>; id?: string | ... 2 more ... | undefined; }'.
      Type '{ variantId: string; mediaId: string; description: unknown; }[]' is missing the following properties from type '{ description: string | SQL<unknown> | Placeholder<string, any>; mediaId: string | SQL<unknown> | Placeholder<string, any>; variantId: string | SQL<unknown> | Placeholder<...>; id?: string | ... 2 more ... | undefined; }': description, mediaId, variantId
  Overload 2 of 2, '(values: { description: string | SQL<unknown> | Placeholder<string, any>; mediaId: string | SQL<unknown> | Placeholder<string, any>; variantId: string | SQL<...> | Placeholder<...>; id?: string | ... 2 more ... | undefined; }[]): PgInsertBase<...>', gave the following error.
    Argument of type '{ variantId: string; mediaId: string; description: unknown; }[]' is not assignable to parameter of type '{ description: string | SQL<unknown> | Placeholder<string, any>; mediaId: string | SQL<unknown> | Placeholder<string, any>; variantId: string | SQL<unknown> | Placeholder<...>; id?: string | ... 2 more ... | undefined; }[]'.
      Type '{ variantId: string; mediaId: string; description: unknown; }' is not assignable to type '{ description: string | SQL<unknown> | Placeholder<string, any>; mediaId: string | SQL<unknown> | Placeholder<string, any>; variantId: string | SQL<unknown> | Placeholder<...>; id?: string | ... 2 more ... | undefined; }'.
        Types of property 'description' are incompatible.
          Type 'unknown' is not assignable to type 'string | SQL<unknown> | Placeholder<string, any>'.
src/db/schema/channels.ts(36,36): error TS6305: Output file '/home/nate/Oxy/Mention/.worktrees/1572-bounded-shadow-20261004/packages/shared-types/dist/index.d.ts' has not been built from source file '/home/nate/Oxy/Mention/.worktrees/1572-bounded-shadow-20261004/packages/shared-types/src/index.ts'.
src/db/schema/discovery.ts(25,34): error TS6305: Output file '/home/nate/Oxy/Mention/.worktrees/1572-bounded-shadow-20261004/packages/shared-types/dist/index.d.ts' has not been built from source file '/home/nate/Oxy/Mention/.worktrees/1572-bounded-shadow-20261004/packages/shared-types/src/index.ts'.
src/db/schema/discovery.ts(26,59): error TS6305: Output file '/home/nate/Oxy/Mention/.worktrees/1572-bounded-shadow-20261004/packages/shared-types/dist/index.d.ts' has not been built from source file '/home/nate/Oxy/Mention/.worktrees/1572-bounded-shadow-20261004/packages/shared-types/src/index.ts'.
src/db/schema/discovery.ts(27,33): error TS6305: Output file '/home/nate/Oxy/Mention/.worktrees/1572-bounded-shadow-20261004/packages/shared-types/dist/index.d.ts' has not been built from source file '/home/nate/Oxy/Mention/.worktrees/1572-bounded-shadow-20261004/packages/shared-types/src/index.ts'.
src/db/schema/feeds.ts(29,33): error TS6305: Output file '/home/nate/Oxy/Mention/.worktrees/1572-bounded-shadow-20261004/packages/shared-types/dist/index.d.ts' has not been built from source file '/home/nate/Oxy/Mention/.worktrees/1572-bounded-shadow-20261004/packages/shared-types/src/index.ts'.
src/db/schema/imports.ts(31,34): error TS6305: Output file '/home/nate/Oxy/Mention/.worktrees/1572-bounded-shadow-20261004/packages/shared-types/dist/index.d.ts' has not been built from source file '/home/nate/Oxy/Mention/.worktrees/1572-bounded-shadow-20261004/packages/shared-types/src/index.ts'.
src/db/schema/postContent.ts(33,32): error TS6305: Output file '/home/nate/Oxy/Mention/.worktrees/1572-bounded-shadow-20261004/packages/shared-types/dist/index.d.ts' has not been built from source file '/home/nate/Oxy/Mention/.worktrees/1572-bounded-shadow-20261004/packages/shared-types/src/index.ts'.
src/db/schema/postContent.ts(68,7): error TS2322: Type 'string[]' is not assignable to type 'readonly ("image" | "video" | "gif")[]'.
  Type 'string' is not assignable to type '"image" | "video" | "gif"'.
src/db/schema/postContent.ts(75,7): error TS2322: Type 'string[]' is not assignable to type 'readonly ("portrait" | "landscape" | "square")[]'.
  Type 'string' is not assignable to type '"portrait" | "landscape" | "square"'.
src/db/schema/posts.ts(42,27): error TS6305: Output file '/home/nate/Oxy/Mention/.worktrees/1572-bounded-shadow-20261004/packages/shared-types/dist/index.d.ts' has not been built from source file '/home/nate/Oxy/Mention/.worktrees/1572-bounded-shadow-20261004/packages/shared-types/src/index.ts'.
src/db/userProfile/userSettingsRecord.ts(31,57): error TS6305: Output file '/home/nate/Oxy/Mention/.worktrees/1572-bounded-shadow-20261004/packages/shared-types/dist/index.d.ts' has not been built from source file '/home/nate/Oxy/Mention/.worktrees/1572-bounded-shadow-20261004/packages/shared-types/src/index.ts'.
src/db/userProfile/userSettingsRepository.ts(34,86): error TS6305: Output file '/home/nate/Oxy/Mention/.worktrees/1572-bounded-shadow-20261004/packages/shared-types/dist/index.d.ts' has not been built from source file '/home/nate/Oxy/Mention/.worktrees/1572-bounded-shadow-20261004/packages/shared-types/src/index.ts'.
src/mcp/middleware/mcpAuth.ts(1,57): error TS6305: Output file '/home/nate/Oxy/Mention/.worktrees/1572-bounded-shadow-20261004/packages/shared-types/dist/mcpCapabilities.d.ts' has not been built from source file '/home/nate/Oxy/Mention/.worktrees/1572-bounded-shadow-20261004/packages/shared-types/src/mcpCapabilities.ts'.
src/mcp/middleware/mcpAuth.ts(128,6): error TS7006: Parameter 'requirement' implicitly has an 'any' type.
src/mcp/middleware/mcpAuth.ts(129,47): error TS7006: Parameter 'capability' implicitly has an 'any' type.
src/mcp/middleware/mcpAuth.ts(142,27): error TS7006: Parameter 'requirement' implicitly has an 'any' type.
src/mcp/middleware/mcpEffectIdempotency.ts(5,8): error TS6305: Output file '/home/nate/Oxy/Mention/.worktrees/1572-bounded-shadow-20261004/packages/shared-types/dist/mcpCapabilities.d.ts' has not been built from source file '/home/nate/Oxy/Mention/.worktrees/1572-bounded-shadow-20261004/packages/shared-types/src/mcpCapabilities.ts'.
src/mcp/middleware/mcpEffectIdempotency.ts(55,27): error TS7006: Parameter 'requirement' implicitly has an 'any' type.
src/middleware/deployment-admission.ts(3,75): error TS6305: Output file '/home/nate/Oxy/Mention/.worktrees/1572-bounded-shadow-20261004/packages/shared-types/dist/deployment.d.ts' has not been built from source file '/home/nate/Oxy/Mention/.worktrees/1572-bounded-shadow-20261004/packages/shared-types/src/deployment.ts'.
src/middleware/feedThrottleDescriptor.ts(5,8): error TS6305: Output file '/home/nate/Oxy/Mention/.worktrees/1572-bounded-shadow-20261004/packages/shared-types/dist/index.d.ts' has not been built from source file '/home/nate/Oxy/Mention/.worktrees/1572-bounded-shadow-20261004/packages/shared-types/src/index.ts'.
src/mtn/controllers/feed.controller.ts(9,86): error TS6305: Output file '/home/nate/Oxy/Mention/.worktrees/1572-bounded-shadow-20261004/packages/shared-types/dist/index.d.ts' has not been built from source file '/home/nate/Oxy/Mention/.worktrees/1572-bounded-shadow-20261004/packages/shared-types/src/index.ts'.
src/mtn/controllers/feed.controller.ts(16,8): error TS6305: Output file '/home/nate/Oxy/Mention/.worktrees/1572-bounded-shadow-20261004/packages/shared-types/dist/index.d.ts' has not been built from source file '/home/nate/Oxy/Mention/.worktrees/1572-bounded-shadow-20261004/packages/shared-types/src/index.ts'.
src/mtn/controllers/feed.controller.ts(110,45): error TS7006: Parameter 'post' implicitly has an 'any' type.
src/mtn/controllers/feed.controller.ts(121,37): error TS7006: Parameter 'item' implicitly has an 'any' type.
src/mtn/controllers/feed.controller.ts(128,33): error TS7006: Parameter 'item' implicitly has an 'any' type.
src/mtn/controllers/feedPreferences.controller.ts(14,96): error TS6305: Output file '/home/nate/Oxy/Mention/.worktrees/1572-bounded-shadow-20261004/packages/shared-types/dist/index.d.ts' has not been built from source file '/home/nate/Oxy/Mention/.worktrees/1572-bounded-shadow-20261004/packages/shared-types/src/index.ts'.
src/mtn/controllers/feedPreferences.controller.ts(15,48): error TS6305: Output file '/home/nate/Oxy/Mention/.worktrees/1572-bounded-shadow-20261004/packages/shared-types/dist/index.d.ts' has not been built from source file '/home/nate/Oxy/Mention/.worktrees/1572-bounded-shadow-20261004/packages/shared-types/src/index.ts'.
src/mtn/feed/FeedAPI.ts(8,45): error TS6305: Output file '/home/nate/Oxy/Mention/.worktrees/1572-bounded-shadow-20261004/packages/shared-types/dist/index.d.ts' has not been built from source file '/home/nate/Oxy/Mention/.worktrees/1572-bounded-shadow-20261004/packages/shared-types/src/index.ts'.
src/mtn/feed/FeedAPI.ts(9,32): error TS6305: Output file '/home/nate/Oxy/Mention/.worktrees/1572-bounded-shadow-20261004/packages/shared-types/dist/index.d.ts' has not been built from source file '/home/nate/Oxy/Mention/.worktrees/1572-bounded-shadow-20261004/packages/shared-types/src/index.ts'.
src/mtn/feed/FeedAPI.ts(10,33): error TS6305: Output file '/home/nate/Oxy/Mention/.worktrees/1572-bounded-shadow-20261004/packages/shared-types/dist/index.d.ts' has not been built from source file '/home/nate/Oxy/Mention/.worktrees/1572-bounded-shadow-20261004/packages/shared-types/src/index.ts'.
src/mtn/feed/FeedInteractionTracker.ts(8,43): error TS6305: Output file '/home/nate/Oxy/Mention/.worktrees/1572-bounded-shadow-20261004/packages/shared-types/dist/index.d.ts' has not been built from source file '/home/nate/Oxy/Mention/.worktrees/1572-bounded-shadow-20261004/packages/shared-types/src/index.ts'.
src/mtn/feed/FeedInteractionTracker.ts(9,47): error TS6305: Output file '/home/nate/Oxy/Mention/.worktrees/1572-bounded-shadow-20261004/packages/shared-types/dist/index.d.ts' has not been built from source file '/home/nate/Oxy/Mention/.worktrees/1572-bounded-shadow-20261004/packages/shared-types/src/index.ts'.
src/mtn/feed/FeedTuner.ts(8,31): error TS6305: Output file '/home/nate/Oxy/Mention/.worktrees/1572-bounded-shadow-20261004/packages/shared-types/dist/index.d.ts' has not been built from source file '/home/nate/Oxy/Mention/.worktrees/1572-bounded-shadow-20261004/packages/shared-types/src/index.ts'.
src/mtn/feed/definitions/customFeedDefinition.ts(15,27): error TS6305: Output file '/home/nate/Oxy/Mention/.worktrees/1572-bounded-shadow-20261004/packages/shared-types/dist/index.d.ts' has not been built from source file '/home/nate/Oxy/Mention/.worktrees/1572-bounded-shadow-20261004/packages/shared-types/src/index.ts'.
src/mtn/feed/definitions/presets.ts(10,27): error TS6305: Output file '/home/nate/Oxy/Mention/.worktrees/1572-bounded-shadow-20261004/packages/shared-types/dist/index.d.ts' has not been built from source file '/home/nate/Oxy/Mention/.worktrees/1572-bounded-shadow-20261004/packages/shared-types/src/index.ts'.
src/mtn/feed/definitions/presets.ts(11,39): error TS6305: Output file '/home/nate/Oxy/Mention/.worktrees/1572-bounded-shadow-20261004/packages/shared-types/dist/index.d.ts' has not been built from source file '/home/nate/Oxy/Mention/.worktrees/1572-bounded-shadow-20261004/packages/shared-types/src/index.ts'.
src/mtn/feed/definitions/resolveDefinition.ts(14,57): error TS6305: Output file '/home/nate/Oxy/Mention/.worktrees/1572-bounded-shadow-20261004/packages/shared-types/dist/index.d.ts' has not been built from source file '/home/nate/Oxy/Mention/.worktrees/1572-bounded-shadow-20261004/packages/shared-types/src/index.ts'.
src/mtn/feed/definitions/resolveDefinition.ts(15,37): error TS6305: Output file '/home/nate/Oxy/Mention/.worktrees/1572-bounded-shadow-20261004/packages/shared-types/dist/index.d.ts' has not been built from source file '/home/nate/Oxy/Mention/.worktrees/1572-bounded-shadow-20261004/packages/shared-types/src/index.ts'.
src/mtn/feed/diversifyByAuthor.ts(42,27): error TS6305: Output file '/home/nate/Oxy/Mention/.worktrees/1572-bounded-shadow-20261004/packages/shared-types/dist/index.d.ts' has not been built from source file '/home/nate/Oxy/Mention/.worktrees/1572-bounded-shadow-20261004/packages/shared-types/src/index.ts'.
src/mtn/feed/engine/FeedEngine.ts(14,71): error TS6305: Output file '/home/nate/Oxy/Mention/.worktrees/1572-bounded-shadow-20261004/packages/shared-types/dist/index.d.ts' has not been built from source file '/home/nate/Oxy/Mention/.worktrees/1572-bounded-shadow-20261004/packages/shared-types/src/index.ts'.
src/mtn/feed/engine/filters/index.ts(8,37): error TS6305: Output file '/home/nate/Oxy/Mention/.worktrees/1572-bounded-shadow-20261004/packages/shared-types/dist/index.d.ts' has not been built from source file '/home/nate/Oxy/Mention/.worktrees/1572-bounded-shadow-20261004/packages/shared-types/src/index.ts'.
src/mtn/feed/engine/filters/index.ts(9,52): error TS6305: Output file '/home/nate/Oxy/Mention/.worktrees/1572-bounded-shadow-20261004/packages/shared-types/dist/index.d.ts' has not been built from source file '/home/nate/Oxy/Mention/.worktrees/1572-bounded-shadow-20261004/packages/shared-types/src/index.ts'.
src/mtn/feed/engine/filters/index.ts(10,34): error TS6305: Output file '/home/nate/Oxy/Mention/.worktrees/1572-bounded-shadow-20261004/packages/shared-types/dist/textEntities.d.ts' has not been built from source file '/home/nate/Oxy/Mention/.worktrees/1572-bounded-shadow-20261004/packages/shared-types/src/textEntities.ts'.
src/mtn/feed/engine/filters/index.ts(88,53): error TS7006: Parameter 'entity' implicitly has an 'any' type.
src/mtn/feed/engine/sources/discoverySources.ts(10,27): error TS6305: Output file '/home/nate/Oxy/Mention/.worktrees/1572-bounded-shadow-20261004/packages/shared-types/dist/index.d.ts' has not been built from source file '/home/nate/Oxy/Mention/.worktrees/1572-bounded-shadow-20261004/packages/shared-types/src/index.ts'.
src/mtn/feed/engine/sources/forYouSources.ts(11,32): error TS6305: Output file '/home/nate/Oxy/Mention/.worktrees/1572-bounded-shadow-20261004/packages/shared-types/dist/index.d.ts' has not been built from source file '/home/nate/Oxy/Mention/.worktrees/1572-bounded-shadow-20261004/packages/shared-types/src/index.ts'.
src/mtn/feed/engine/sources/relatedSources.ts(13,43): error TS6305: Output file '/home/nate/Oxy/Mention/.worktrees/1572-bounded-shadow-20261004/packages/shared-types/dist/index.d.ts' has not been built from source file '/home/nate/Oxy/Mention/.worktrees/1572-bounded-shadow-20261004/packages/shared-types/src/index.ts'.
src/mtn/feed/engine/sources/socialSources.ts(12,53): error TS6305: Output file '/home/nate/Oxy/Mention/.worktrees/1572-bounded-shadow-20261004/packages/shared-types/dist/index.d.ts' has not been built from source file '/home/nate/Oxy/Mention/.worktrees/1572-bounded-shadow-20261004/packages/shared-types/src/index.ts'.
src/mtn/feed/engine/sources/userSources.ts(6,62): error TS6305: Output file '/home/nate/Oxy/Mention/.worktrees/1572-bounded-shadow-20261004/packages/shared-types/dist/index.d.ts' has not been built from source file '/home/nate/Oxy/Mention/.worktrees/1572-bounded-shadow-20261004/packages/shared-types/src/index.ts'.
src/mtn/feed/engine/sources/userSources.ts(30,39): error TS6305: Output file '/home/nate/Oxy/Mention/.worktrees/1572-bounded-shadow-20261004/packages/shared-types/dist/index.d.ts' has not been built from source file '/home/nate/Oxy/Mention/.worktrees/1572-bounded-shadow-20261004/packages/shared-types/src/index.ts'.
src/mtn/feed/engine/types.ts(12,55): error TS6305: Output file '/home/nate/Oxy/Mention/.worktrees/1572-bounded-shadow-20261004/packages/shared-types/dist/index.d.ts' has not been built from source file '/home/nate/Oxy/Mention/.worktrees/1572-bounded-shadow-20261004/packages/shared-types/src/index.ts'.
src/mtn/feed/feedContext.ts(15,61): error TS6305: Output file '/home/nate/Oxy/Mention/.worktrees/1572-bounded-shadow-20261004/packages/shared-types/dist/index.d.ts' has not been built from source file '/home/nate/Oxy/Mention/.worktrees/1572-bounded-shadow-20261004/packages/shared-types/src/index.ts'.
src/mtn/feed/feedLanguage.ts(42,27): error TS6305: Output file '/home/nate/Oxy/Mention/.worktrees/1572-bounded-shadow-20261004/packages/shared-types/dist/index.d.ts' has not been built from source file '/home/nate/Oxy/Mention/.worktrees/1572-bounded-shadow-20261004/packages/shared-types/src/index.ts'.
src/mtn/feed/feedMetrics.ts(28,39): error TS6305: Output file '/home/nate/Oxy/Mention/.worktrees/1572-bounded-shadow-20261004/packages/shared-types/dist/index.d.ts' has not been built from source file '/home/nate/Oxy/Mention/.worktrees/1572-bounded-shadow-20261004/packages/shared-types/src/index.ts'.
src/mtn/feed/feeds/FeedGeneratorFeed.ts(20,35): error TS6305: Output file '/home/nate/Oxy/Mention/.worktrees/1572-bounded-shadow-20261004/packages/shared-types/dist/index.d.ts' has not been built from source file '/home/nate/Oxy/Mention/.worktrees/1572-bounded-shadow-20261004/packages/shared-types/src/index.ts'.
src/mtn/feed/feeds/forYouCandidateSources.ts(55,43): error TS6305: Output file '/home/nate/Oxy/Mention/.worktrees/1572-bounded-shadow-20261004/packages/shared-types/dist/index.d.ts' has not been built from source file '/home/nate/Oxy/Mention/.worktrees/1572-bounded-shadow-20261004/packages/shared-types/src/index.ts'.
src/mtn/feed/interactionTelemetry.ts(15,46): error TS6305: Output file '/home/nate/Oxy/Mention/.worktrees/1572-bounded-shadow-20261004/packages/shared-types/dist/index.d.ts' has not been built from source file '/home/nate/Oxy/Mention/.worktrees/1572-bounded-shadow-20261004/packages/shared-types/src/index.ts'.
src/mtn/feed/interactionTelemetry.ts(16,69): error TS6305: Output file '/home/nate/Oxy/Mention/.worktrees/1572-bounded-shadow-20261004/packages/shared-types/dist/index.d.ts' has not been built from source file '/home/nate/Oxy/Mention/.worktrees/1572-bounded-shadow-20261004/packages/shared-types/src/index.ts'.
src/mtn/feed/interstitials/interstitialTelemetry.ts(32,39): error TS6305: Output file '/home/nate/Oxy/Mention/.worktrees/1572-bounded-shadow-20261004/packages/shared-types/dist/index.d.ts' has not been built from source file '/home/nate/Oxy/Mention/.worktrees/1572-bounded-shadow-20261004/packages/shared-types/src/index.ts'.
src/mtn/feed/interstitials/interstitialTelemetry.ts(37,8): error TS6305: Output file '/home/nate/Oxy/Mention/.worktrees/1572-bounded-shadow-20261004/packages/shared-types/dist/index.d.ts' has not been built from source file '/home/nate/Oxy/Mention/.worktrees/1572-bounded-shadow-20261004/packages/shared-types/src/index.ts'.
src/mtn/feed/interstitials/planInterstitials.ts(15,71): error TS6305: Output file '/home/nate/Oxy/Mention/.worktrees/1572-bounded-shadow-20261004/packages/shared-types/dist/index.d.ts' has not been built from source file '/home/nate/Oxy/Mention/.worktrees/1572-bounded-shadow-20261004/packages/shared-types/src/index.ts'.
src/mtn/feed/interstitials/planInterstitials.ts(16,80): error TS6305: Output file '/home/nate/Oxy/Mention/.worktrees/1572-bounded-shadow-20261004/packages/shared-types/dist/index.d.ts' has not been built from source file '/home/nate/Oxy/Mention/.worktrees/1572-bounded-shadow-20261004/packages/shared-types/src/index.ts'.
src/mtn/feed/interstitials/planInterstitials.ts(64,49): error TS7006: Parameter 'allowed' implicitly has an 'any' type.
src/mtn/feed/moduleCatalog.ts(30,8): error TS6305: Output file '/home/nate/Oxy/Mention/.worktrees/1572-bounded-shadow-20261004/packages/shared-types/dist/index.d.ts' has not been built from source file '/home/nate/Oxy/Mention/.worktrees/1572-bounded-shadow-20261004/packages/shared-types/src/index.ts'.
src/mtn/feed/rankedCandidate.ts(10,31): error TS6305: Output file '/home/nate/Oxy/Mention/.worktrees/1572-bounded-shadow-20261004/packages/shared-types/dist/index.d.ts' has not been built from source file '/home/nate/Oxy/Mention/.worktrees/1572-bounded-shadow-20261004/packages/shared-types/src/index.ts'.
src/mtn/feed/tuners/deduplicateSlices.ts(1,36): error TS6305: Output file '/home/nate/Oxy/Mention/.worktrees/1572-bounded-shadow-20261004/packages/shared-types/dist/index.d.ts' has not been built from source file '/home/nate/Oxy/Mention/.worktrees/1572-bounded-shadow-20261004/packages/shared-types/src/index.ts'.
src/mtn/feed/tuners/filterHiddenPosts.ts(1,36): error TS6305: Output file '/home/nate/Oxy/Mention/.worktrees/1572-bounded-shadow-20261004/packages/shared-types/dist/index.d.ts' has not been built from source file '/home/nate/Oxy/Mention/.worktrees/1572-bounded-shadow-20261004/packages/shared-types/src/index.ts'.
src/mtn/feed/tuners/filterMuteWords.ts(1,36): error TS6305: Output file '/home/nate/Oxy/Mention/.worktrees/1572-bounded-shadow-20261004/packages/shared-types/dist/index.d.ts' has not been built from source file '/home/nate/Oxy/Mention/.worktrees/1572-bounded-shadow-20261004/packages/shared-types/src/index.ts'.
src/mtn/feed/tuners/filterSensitiveContent.ts(1,36): error TS6305: Output file '/home/nate/Oxy/Mention/.worktrees/1572-bounded-shadow-20261004/packages/shared-types/dist/index.d.ts' has not been built from source file '/home/nate/Oxy/Mention/.worktrees/1572-bounded-shadow-20261004/packages/shared-types/src/index.ts'.
src/mtn/feed/tuners/removeBoosts.ts(1,36): error TS6305: Output file '/home/nate/Oxy/Mention/.worktrees/1572-bounded-shadow-20261004/packages/shared-types/dist/index.d.ts' has not been built from source file '/home/nate/Oxy/Mention/.worktrees/1572-bounded-shadow-20261004/packages/shared-types/src/index.ts'.
src/mtn/feed/tuners/removeReplies.ts(1,36): error TS6305: Output file '/home/nate/Oxy/Mention/.worktrees/1572-bounded-shadow-20261004/packages/shared-types/dist/index.d.ts' has not been built from source file '/home/nate/Oxy/Mention/.worktrees/1572-bounded-shadow-20261004/packages/shared-types/src/index.ts'.
src/routes/channelDeletion.routes.ts(54,44): error TS6305: Output file '/home/nate/Oxy/Mention/.worktrees/1572-bounded-shadow-20261004/packages/shared-types/dist/index.d.ts' has not been built from source file '/home/nate/Oxy/Mention/.worktrees/1572-bounded-shadow-20261004/packages/shared-types/src/index.ts'.
src/routes/channelWriters.routes.ts(65,81): error TS6305: Output file '/home/nate/Oxy/Mention/.worktrees/1572-bounded-shadow-20261004/packages/shared-types/dist/index.d.ts' has not been built from source file '/home/nate/Oxy/Mention/.worktrees/1572-bounded-shadow-20261004/packages/shared-types/src/index.ts'.
src/routes/communityNotes.routes.ts(8,8): error TS6305: Output file '/home/nate/Oxy/Mention/.worktrees/1572-bounded-shadow-20261004/packages/shared-types/dist/index.d.ts' has not been built from source file '/home/nate/Oxy/Mention/.worktrees/1572-bounded-shadow-20261004/packages/shared-types/src/index.ts'.
src/routes/customFeeds.routes.ts(46,48): error TS6305: Output file '/home/nate/Oxy/Mention/.worktrees/1572-bounded-shadow-20261004/packages/shared-types/dist/index.d.ts' has not been built from source file '/home/nate/Oxy/Mention/.worktrees/1572-bounded-shadow-20261004/packages/shared-types/src/index.ts'.
src/routes/customFeeds.routes.ts(445,43): error TS7006: Parameter 'value' implicitly has an 'any' type.
src/routes/hashtags.ts(3,38): error TS6305: Output file '/home/nate/Oxy/Mention/.worktrees/1572-bounded-shadow-20261004/packages/shared-types/dist/hashtags.d.ts' has not been built from source file '/home/nate/Oxy/Mention/.worktrees/1572-bounded-shadow-20261004/packages/shared-types/src/hashtags.ts'.
src/routes/imports.ts(33,50): error TS6305: Output file '/home/nate/Oxy/Mention/.worktrees/1572-bounded-shadow-20261004/packages/shared-types/dist/index.d.ts' has not been built from source file '/home/nate/Oxy/Mention/.worktrees/1572-bounded-shadow-20261004/packages/shared-types/src/index.ts'.
src/routes/lanes.routes.ts(27,8): error TS6305: Output file '/home/nate/Oxy/Mention/.worktrees/1572-bounded-shadow-20261004/packages/shared-types/dist/index.d.ts' has not been built from source file '/home/nate/Oxy/Mention/.worktrees/1572-bounded-shadow-20261004/packages/shared-types/src/index.ts'.
src/routes/media.ts(14,79): error TS6305: Output file '/home/nate/Oxy/Mention/.worktrees/1572-bounded-shadow-20261004/packages/shared-types/dist/index.d.ts' has not been built from source file '/home/nate/Oxy/Mention/.worktrees/1572-bounded-shadow-20261004/packages/shared-types/src/index.ts'.
src/routes/notifications.ts(25,35): error TS6305: Output file '/home/nate/Oxy/Mention/.worktrees/1572-bounded-shadow-20261004/packages/shared-types/dist/index.d.ts' has not been built from source file '/home/nate/Oxy/Mention/.worktrees/1572-bounded-shadow-20261004/packages/shared-types/src/index.ts'.
src/routes/posts.ts(49,31): error TS6305: Output file '/home/nate/Oxy/Mention/.worktrees/1572-bounded-shadow-20261004/packages/shared-types/dist/index.d.ts' has not been built from source file '/home/nate/Oxy/Mention/.worktrees/1572-bounded-shadow-20261004/packages/shared-types/src/index.ts'.
src/routes/profileDesign.ts(9,41): error TS6305: Output file '/home/nate/Oxy/Mention/.worktrees/1572-bounded-shadow-20261004/packages/shared-types/dist/profile.d.ts' has not been built from source file '/home/nate/Oxy/Mention/.worktrees/1572-bounded-shadow-20261004/packages/shared-types/src/profile.ts'.
src/routes/profileLinkMentions.routes.ts(10,8): error TS6305: Output file '/home/nate/Oxy/Mention/.worktrees/1572-bounded-shadow-20261004/packages/shared-types/dist/index.d.ts' has not been built from source file '/home/nate/Oxy/Mention/.worktrees/1572-bounded-shadow-20261004/packages/shared-types/src/index.ts'.
src/routes/profileSettings.ts(29,89): error TS6305: Output file '/home/nate/Oxy/Mention/.worktrees/1572-bounded-shadow-20261004/packages/shared-types/dist/index.d.ts' has not been built from source file '/home/nate/Oxy/Mention/.worktrees/1572-bounded-shadow-20261004/packages/shared-types/src/index.ts'.
src/routes/reports.routes.ts(3,46): error TS6305: Output file '/home/nate/Oxy/Mention/.worktrees/1572-bounded-shadow-20261004/packages/shared-types/dist/index.d.ts' has not been built from source file '/home/nate/Oxy/Mention/.worktrees/1572-bounded-shadow-20261004/packages/shared-types/src/index.ts'.
src/routes/search.ts(15,32): error TS6305: Output file '/home/nate/Oxy/Mention/.worktrees/1572-bounded-shadow-20261004/packages/shared-types/dist/index.d.ts' has not been built from source file '/home/nate/Oxy/Mention/.worktrees/1572-bounded-shadow-20261004/packages/shared-types/src/index.ts'.
src/routes/search.ts(17,34): error TS6305: Output file '/home/nate/Oxy/Mention/.worktrees/1572-bounded-shadow-20261004/packages/shared-types/dist/textEntities.d.ts' has not been built from source file '/home/nate/Oxy/Mention/.worktrees/1572-bounded-shadow-20261004/packages/shared-types/src/textEntities.ts'.
src/routes/searchOverview.ts(30,65): error TS6305: Output file '/home/nate/Oxy/Mention/.worktrees/1572-bounded-shadow-20261004/packages/shared-types/dist/index.d.ts' has not been built from source file '/home/nate/Oxy/Mention/.worktrees/1572-bounded-shadow-20261004/packages/shared-types/src/index.ts'.
src/routes/starterPacks.ts(15,31): error TS6305: Output file '/home/nate/Oxy/Mention/.worktrees/1572-bounded-shadow-20261004/packages/shared-types/dist/index.d.ts' has not been built from source file '/home/nate/Oxy/Mention/.worktrees/1572-bounded-shadow-20261004/packages/shared-types/src/index.ts'.
src/routes/subscriptions.ts(7,8): error TS6305: Output file '/home/nate/Oxy/Mention/.worktrees/1572-bounded-shadow-20261004/packages/shared-types/dist/index.d.ts' has not been built from source file '/home/nate/Oxy/Mention/.worktrees/1572-bounded-shadow-20261004/packages/shared-types/src/index.ts'.
src/runtime/socketHandlers.ts(19,8): error TS6305: Output file '/home/nate/Oxy/Mention/.worktrees/1572-bounded-shadow-20261004/packages/shared-types/dist/index.d.ts' has not been built from source file '/home/nate/Oxy/Mention/.worktrees/1572-bounded-shadow-20261004/packages/shared-types/src/index.ts'.
src/runtime/socketIoServer.ts(1,44): error TS6305: Output file '/home/nate/Oxy/Mention/.worktrees/1572-bounded-shadow-20261004/packages/shared-types/dist/deployment.d.ts' has not been built from source file '/home/nate/Oxy/Mention/.worktrees/1572-bounded-shadow-20261004/packages/shared-types/src/deployment.ts'.
src/runtime/socketIoServer.ts(6,43): error TS6305: Output file '/home/nate/Oxy/Mention/.worktrees/1572-bounded-shadow-20261004/packages/shared-types/dist/index.d.ts' has not been built from source file '/home/nate/Oxy/Mention/.worktrees/1572-bounded-shadow-20261004/packages/shared-types/src/index.ts'.
src/runtimeApp.ts(1,38): error TS6305: Output file '/home/nate/Oxy/Mention/.worktrees/1572-bounded-shadow-20261004/packages/shared-types/dist/deployment.d.ts' has not been built from source file '/home/nate/Oxy/Mention/.worktrees/1572-bounded-shadow-20261004/packages/shared-types/src/deployment.ts'.
src/scripts/backfill-mtn-records.ts(50,57): error TS6305: Output file '/home/nate/Oxy/Mention/.worktrees/1572-bounded-shadow-20261004/packages/shared-types/dist/index.d.ts' has not been built from source file '/home/nate/Oxy/Mention/.worktrees/1572-bounded-shadow-20261004/packages/shared-types/src/index.ts'.
src/scripts/backfillFederatedHandleQualification.ts(58,36): error TS6305: Output file '/home/nate/Oxy/Mention/.worktrees/1572-bounded-shadow-20261004/packages/shared-types/dist/textEntities.d.ts' has not been built from source file '/home/nate/Oxy/Mention/.worktrees/1572-bounded-shadow-20261004/packages/shared-types/src/textEntities.ts'.
src/scripts/backfillMediaMetadata.ts(14,32): error TS6305: Output file '/home/nate/Oxy/Mention/.worktrees/1572-bounded-shadow-20261004/packages/shared-types/dist/index.d.ts' has not been built from source file '/home/nate/Oxy/Mention/.worktrees/1572-bounded-shadow-20261004/packages/shared-types/src/index.ts'.
src/scripts/cleanFederatedCustomEmoji.ts(8,52): error TS6305: Output file '/home/nate/Oxy/Mention/.worktrees/1572-bounded-shadow-20261004/packages/shared-types/dist/index.d.ts' has not been built from source file '/home/nate/Oxy/Mention/.worktrees/1572-bounded-shadow-20261004/packages/shared-types/src/index.ts'.
src/scripts/cleanFederatedCustomEmoji.ts(44,59): error TS7006: Parameter 'variant' implicitly has an 'any' type.
src/scripts/evalFeedQuality.ts(35,60): error TS6305: Output file '/home/nate/Oxy/Mention/.worktrees/1572-bounded-shadow-20261004/packages/shared-types/dist/index.d.ts' has not been built from source file '/home/nate/Oxy/Mention/.worktrees/1572-bounded-shadow-20261004/packages/shared-types/src/index.ts'.
src/scripts/evalFeedQuality.ts(38,33): error TS6305: Output file '/home/nate/Oxy/Mention/.worktrees/1572-bounded-shadow-20261004/packages/shared-types/dist/index.d.ts' has not been built from source file '/home/nate/Oxy/Mention/.worktrees/1572-bounded-shadow-20261004/packages/shared-types/src/index.ts'.
src/scripts/importOxyCareersJobs.ts(83,41): error TS6305: Output file '/home/nate/Oxy/Mention/.worktrees/1572-bounded-shadow-20261004/packages/shared-types/dist/index.d.ts' has not been built from source file '/home/nate/Oxy/Mention/.worktrees/1572-bounded-shadow-20261004/packages/shared-types/src/index.ts'.
src/scripts/importOxyCareersJobs.ts(88,8): error TS6305: Output file '/home/nate/Oxy/Mention/.worktrees/1572-bounded-shadow-20261004/packages/shared-types/dist/index.d.ts' has not been built from source file '/home/nate/Oxy/Mention/.worktrees/1572-bounded-shadow-20261004/packages/shared-types/src/index.ts'.
src/scripts/importOxyCareersJobs.ts(306,60): error TS2345: Argument of type '{ limit: number; }' is not assignable to parameter of type 'Pick<MentionJobListFilters, "status" | "limit">'.
  Property 'status' is missing in type '{ limit: number; }' but required in type 'Pick<MentionJobListFilters, "status" | "limit">'.
src/scripts/lib/variantTextRepair.ts(1,41): error TS6305: Output file '/home/nate/Oxy/Mention/.worktrees/1572-bounded-shadow-20261004/packages/shared-types/dist/index.d.ts' has not been built from source file '/home/nate/Oxy/Mention/.worktrees/1572-bounded-shadow-20261004/packages/shared-types/src/index.ts'.
src/scripts/purgeBlockedDomainContent.ts(164,26): error TS6305: Output file '/home/nate/Oxy/Mention/.worktrees/1572-bounded-shadow-20261004/packages/shared-types/dist/index.d.ts' has not been built from source file '/home/nate/Oxy/Mention/.worktrees/1572-bounded-shadow-20261004/packages/shared-types/src/index.ts'.
src/scripts/reingestEmptyFederatedPosts.ts(40,26): error TS6305: Output file '/home/nate/Oxy/Mention/.worktrees/1572-bounded-shadow-20261004/packages/shared-types/dist/index.d.ts' has not been built from source file '/home/nate/Oxy/Mention/.worktrees/1572-bounded-shadow-20261004/packages/shared-types/src/index.ts'.
src/scripts/repairFederatedMentions.ts(215,41): error TS6305: Output file '/home/nate/Oxy/Mention/.worktrees/1572-bounded-shadow-20261004/packages/shared-types/dist/index.d.ts' has not been built from source file '/home/nate/Oxy/Mention/.worktrees/1572-bounded-shadow-20261004/packages/shared-types/src/index.ts'.
src/scripts/repairInstagramReelPosters.ts(47,32): error TS6305: Output file '/home/nate/Oxy/Mention/.worktrees/1572-bounded-shadow-20261004/packages/shared-types/dist/index.d.ts' has not been built from source file '/home/nate/Oxy/Mention/.worktrees/1572-bounded-shadow-20261004/packages/shared-types/src/index.ts'.
src/scripts/repairInstagramReelPosters.ts(132,56): error TS7006: Parameter 'attachment' implicitly has an 'any' type.
src/services/BaselineContentClassifier.ts(38,47): error TS6305: Output file '/home/nate/Oxy/Mention/.worktrees/1572-bounded-shadow-20261004/packages/shared-types/dist/index.d.ts' has not been built from source file '/home/nate/Oxy/Mention/.worktrees/1572-bounded-shadow-20261004/packages/shared-types/src/index.ts'.
src/services/ContentAffinityService.ts(53,53): error TS6305: Output file '/home/nate/Oxy/Mention/.worktrees/1572-bounded-shadow-20261004/packages/shared-types/dist/index.d.ts' has not been built from source file '/home/nate/Oxy/Mention/.worktrees/1572-bounded-shadow-20261004/packages/shared-types/src/index.ts'.
src/services/ContentRoomLifecycle.ts(8,8): error TS6305: Output file '/home/nate/Oxy/Mention/.worktrees/1572-bounded-shadow-20261004/packages/shared-types/dist/index.d.ts' has not been built from source file '/home/nate/Oxy/Mention/.worktrees/1572-bounded-shadow-20261004/packages/shared-types/src/index.ts'.
src/services/DistributedPresenceService.ts(2,54): error TS6305: Output file '/home/nate/Oxy/Mention/.worktrees/1572-bounded-shadow-20261004/packages/shared-types/dist/index.d.ts' has not been built from source file '/home/nate/Oxy/Mention/.worktrees/1572-bounded-shadow-20261004/packages/shared-types/src/index.ts'.
src/services/EngagementOutboxDispatcher.ts(2,42): error TS6305: Output file '/home/nate/Oxy/Mention/.worktrees/1572-bounded-shadow-20261004/packages/shared-types/dist/index.d.ts' has not been built from source file '/home/nate/Oxy/Mention/.worktrees/1572-bounded-shadow-20261004/packages/shared-types/src/index.ts'.
src/services/FeedRankingService.ts(2,27): error TS6305: Output file '/home/nate/Oxy/Mention/.worktrees/1572-bounded-shadow-20261004/packages/shared-types/dist/index.d.ts' has not been built from source file '/home/nate/Oxy/Mention/.worktrees/1572-bounded-shadow-20261004/packages/shared-types/src/index.ts'.
src/services/MediaMetadataService.ts(1,32): error TS6305: Output file '/home/nate/Oxy/Mention/.worktrees/1572-bounded-shadow-20261004/packages/shared-types/dist/index.d.ts' has not been built from source file '/home/nate/Oxy/Mention/.worktrees/1572-bounded-shadow-20261004/packages/shared-types/src/index.ts'.
src/services/PostClassificationService.ts(12,47): error TS6305: Output file '/home/nate/Oxy/Mention/.worktrees/1572-bounded-shadow-20261004/packages/shared-types/dist/index.d.ts' has not been built from source file '/home/nate/Oxy/Mention/.worktrees/1572-bounded-shadow-20261004/packages/shared-types/src/index.ts'.
src/services/PostClassificationService.ts(18,45): error TS6305: Output file '/home/nate/Oxy/Mention/.worktrees/1572-bounded-shadow-20261004/packages/shared-types/dist/index.d.ts' has not been built from source file '/home/nate/Oxy/Mention/.worktrees/1572-bounded-shadow-20261004/packages/shared-types/src/index.ts'.
src/services/PostCollaborationService.ts(1,42): error TS6305: Output file '/home/nate/Oxy/Mention/.worktrees/1572-bounded-shadow-20261004/packages/shared-types/dist/index.d.ts' has not been built from source file '/home/nate/Oxy/Mention/.worktrees/1572-bounded-shadow-20261004/packages/shared-types/src/index.ts'.
src/services/PostCreationService.ts(27,8): error TS6305: Output file '/home/nate/Oxy/Mention/.worktrees/1572-bounded-shadow-20261004/packages/shared-types/dist/index.d.ts' has not been built from source file '/home/nate/Oxy/Mention/.worktrees/1572-bounded-shadow-20261004/packages/shared-types/src/index.ts'.
src/services/PostCreationService.ts(30,8): error TS6305: Output file '/home/nate/Oxy/Mention/.worktrees/1572-bounded-shadow-20261004/packages/shared-types/dist/mentions.d.ts' has not been built from source file '/home/nate/Oxy/Mention/.worktrees/1572-bounded-shadow-20261004/packages/shared-types/src/mentions.ts'.
src/services/PostDeletionCascade.ts(62,26): error TS6305: Output file '/home/nate/Oxy/Mention/.worktrees/1572-bounded-shadow-20261004/packages/shared-types/dist/index.d.ts' has not been built from source file '/home/nate/Oxy/Mention/.worktrees/1572-bounded-shadow-20261004/packages/shared-types/src/index.ts'.
src/services/PostDeletionService.ts(24,32): error TS6305: Output file '/home/nate/Oxy/Mention/.worktrees/1572-bounded-shadow-20261004/packages/shared-types/dist/index.d.ts' has not been built from source file '/home/nate/Oxy/Mention/.worktrees/1572-bounded-shadow-20261004/packages/shared-types/src/index.ts'.
src/services/PostHydrationService.ts(1,280): error TS6305: Output file '/home/nate/Oxy/Mention/.worktrees/1572-bounded-shadow-20261004/packages/shared-types/dist/index.d.ts' has not been built from source file '/home/nate/Oxy/Mention/.worktrees/1572-bounded-shadow-20261004/packages/shared-types/src/index.ts'.
src/services/PostHydrationService.ts(2,72): error TS6305: Output file '/home/nate/Oxy/Mention/.worktrees/1572-bounded-shadow-20261004/packages/shared-types/dist/index.d.ts' has not been built from source file '/home/nate/Oxy/Mention/.worktrees/1572-bounded-shadow-20261004/packages/shared-types/src/index.ts'.
src/services/PostHydrationService.ts(70,69): error TS6305: Output file '/home/nate/Oxy/Mention/.worktrees/1572-bounded-shadow-20261004/packages/shared-types/dist/index.d.ts' has not been built from source file '/home/nate/Oxy/Mention/.worktrees/1572-bounded-shadow-20261004/packages/shared-types/src/index.ts'.
src/services/PostHydrationService.ts(2480,39): error TS2345: Argument of type 'string | undefined' is not assignable to parameter of type 'string'.
  Type 'undefined' is not assignable to type 'string'.
src/services/PostHydrationService.ts(2496,46): error TS2345: Argument of type 'string | undefined' is not assignable to parameter of type 'string'.
  Type 'undefined' is not assignable to type 'string'.
src/services/PostHydrationService.ts(2496,80): error TS2345: Argument of type 'string | undefined' is not assignable to parameter of type 'string'.
  Type 'undefined' is not assignable to type 'string'.
src/services/PostHydrationService.ts(2529,24): error TS2345: Argument of type 'string | undefined' is not assignable to parameter of type 'string'.
  Type 'undefined' is not assignable to type 'string'.
src/services/PostHydrationService.ts(2559,53): error TS2345: Argument of type 'string | undefined' is not assignable to parameter of type 'string'.
  Type 'undefined' is not assignable to type 'string'.
src/services/PostHydrationService.ts(2560,48): error TS2345: Argument of type 'string | undefined' is not assignable to parameter of type 'string'.
  Type 'undefined' is not assignable to type 'string'.
src/services/PostHydrationService.ts(2596,55): error TS6305: Output file '/home/nate/Oxy/Mention/.worktrees/1572-bounded-shadow-20261004/packages/shared-types/dist/index.d.ts' has not been built from source file '/home/nate/Oxy/Mention/.worktrees/1572-bounded-shadow-20261004/packages/shared-types/src/index.ts'.
src/services/PostHydrationService.ts(2678,59): error TS2339: Property 'platform' does not exist on type 'PostImportHydration'.
src/services/PostHydrationService.ts(2678,89): error TS2339: Property 'sourceUrl' does not exist on type 'PostImportHydration'.
src/services/PostHydrationService.ts(2698,58): error TS6305: Output file '/home/nate/Oxy/Mention/.worktrees/1572-bounded-shadow-20261004/packages/shared-types/dist/index.d.ts' has not been built from source file '/home/nate/Oxy/Mention/.worktrees/1572-bounded-shadow-20261004/packages/shared-types/src/index.ts'.
src/services/PostHydrationService.ts(2703,36): error TS6305: Output file '/home/nate/Oxy/Mention/.worktrees/1572-bounded-shadow-20261004/packages/shared-types/dist/index.d.ts' has not been built from source file '/home/nate/Oxy/Mention/.worktrees/1572-bounded-shadow-20261004/packages/shared-types/src/index.ts'.
src/services/PostHydrationService.ts(2721,32): error TS6305: Output file '/home/nate/Oxy/Mention/.worktrees/1572-bounded-shadow-20261004/packages/shared-types/dist/index.d.ts' has not been built from source file '/home/nate/Oxy/Mention/.worktrees/1572-bounded-shadow-20261004/packages/shared-types/src/index.ts'.
src/services/PostHydrationService.ts(2863,54): error TS6305: Output file '/home/nate/Oxy/Mention/.worktrees/1572-bounded-shadow-20261004/packages/shared-types/dist/index.d.ts' has not been built from source file '/home/nate/Oxy/Mention/.worktrees/1572-bounded-shadow-20261004/packages/shared-types/src/index.ts'.
src/services/PostImportService.ts(41,8): error TS6305: Output file '/home/nate/Oxy/Mention/.worktrees/1572-bounded-shadow-20261004/packages/shared-types/dist/index.d.ts' has not been built from source file '/home/nate/Oxy/Mention/.worktrees/1572-bounded-shadow-20261004/packages/shared-types/src/index.ts'.
src/services/PostRecentReplierService.ts(35,32): error TS6305: Output file '/home/nate/Oxy/Mention/.worktrees/1572-bounded-shadow-20261004/packages/shared-types/dist/index.d.ts' has not been built from source file '/home/nate/Oxy/Mention/.worktrees/1572-bounded-shadow-20261004/packages/shared-types/src/index.ts'.
src/services/PostTranslationService.ts(6,8): error TS6305: Output file '/home/nate/Oxy/Mention/.worktrees/1572-bounded-shadow-20261004/packages/shared-types/dist/index.d.ts' has not been built from source file '/home/nate/Oxy/Mention/.worktrees/1572-bounded-shadow-20261004/packages/shared-types/src/index.ts'.
src/services/PostTranslationService.ts(105,35): error TS7006: Parameter 'variant' implicitly has an 'any' type.
src/services/PostTranslationService.ts(108,35): error TS7006: Parameter 'variant' implicitly has an 'any' type.
src/services/ThreadSlicingService.ts(17,8): error TS6305: Output file '/home/nate/Oxy/Mention/.worktrees/1572-bounded-shadow-20261004/packages/shared-types/dist/index.d.ts' has not been built from source file '/home/nate/Oxy/Mention/.worktrees/1572-bounded-shadow-20261004/packages/shared-types/src/index.ts'.
src/services/TopicService.ts(3,45): error TS6305: Output file '/home/nate/Oxy/Mention/.worktrees/1572-bounded-shadow-20261004/packages/shared-types/dist/index.d.ts' has not been built from source file '/home/nate/Oxy/Mention/.worktrees/1572-bounded-shadow-20261004/packages/shared-types/src/index.ts'.
src/services/TrendingService.ts(34,46): error TS6305: Output file '/home/nate/Oxy/Mention/.worktrees/1572-bounded-shadow-20261004/packages/shared-types/dist/index.d.ts' has not been built from source file '/home/nate/Oxy/Mention/.worktrees/1572-bounded-shadow-20261004/packages/shared-types/src/index.ts'.
src/services/UserPreferenceService.ts(11,43): error TS6305: Output file '/home/nate/Oxy/Mention/.worktrees/1572-bounded-shadow-20261004/packages/shared-types/dist/index.d.ts' has not been built from source file '/home/nate/Oxy/Mention/.worktrees/1572-bounded-shadow-20261004/packages/shared-types/src/index.ts'.
src/services/accountErasure/erasePosts.ts(30,42): error TS6305: Output file '/home/nate/Oxy/Mention/.worktrees/1572-bounded-shadow-20261004/packages/shared-types/dist/index.d.ts' has not been built from source file '/home/nate/Oxy/Mention/.worktrees/1572-bounded-shadow-20261004/packages/shared-types/src/index.ts'.
src/services/anonFeedCache.ts(2,55): error TS6305: Output file '/home/nate/Oxy/Mention/.worktrees/1572-bounded-shadow-20261004/packages/shared-types/dist/index.d.ts' has not been built from source file '/home/nate/Oxy/Mention/.worktrees/1572-bounded-shadow-20261004/packages/shared-types/src/index.ts'.
src/services/channelDeletion/channelDeletionFederation.ts(10,32): error TS6305: Output file '/home/nate/Oxy/Mention/.worktrees/1572-bounded-shadow-20261004/packages/shared-types/dist/index.d.ts' has not been built from source file '/home/nate/Oxy/Mention/.worktrees/1572-bounded-shadow-20261004/packages/shared-types/src/index.ts'.
src/services/clarityJobsAdapter.ts(24,66): error TS6305: Output file '/home/nate/Oxy/Mention/.worktrees/1572-bounded-shadow-20261004/packages/shared-types/dist/index.d.ts' has not been built from source file '/home/nate/Oxy/Mention/.worktrees/1572-bounded-shadow-20261004/packages/shared-types/src/index.ts'.
src/services/communityNotes/CommunityNotesService.ts(9,8): error TS6305: Output file '/home/nate/Oxy/Mention/.worktrees/1572-bounded-shadow-20261004/packages/shared-types/dist/index.d.ts' has not been built from source file '/home/nate/Oxy/Mention/.worktrees/1572-bounded-shadow-20261004/packages/shared-types/src/index.ts'.
src/services/communityNotes/communityNoteSubjects.ts(1,35): error TS6305: Output file '/home/nate/Oxy/Mention/.worktrees/1572-bounded-shadow-20261004/packages/shared-types/dist/index.d.ts' has not been built from source file '/home/nate/Oxy/Mention/.worktrees/1572-bounded-shadow-20261004/packages/shared-types/src/index.ts'.
src/services/communityNotes/communityNoteSubjects.ts(2,32): error TS6305: Output file '/home/nate/Oxy/Mention/.worktrees/1572-bounded-shadow-20261004/packages/shared-types/dist/index.d.ts' has not been built from source file '/home/nate/Oxy/Mention/.worktrees/1572-bounded-shadow-20261004/packages/shared-types/src/index.ts'.
src/services/communityNotes/communityNoteSubjects.ts(8,43): error TS6305: Output file '/home/nate/Oxy/Mention/.worktrees/1572-bounded-shadow-20261004/packages/shared-types/dist/index.d.ts' has not been built from source file '/home/nate/Oxy/Mention/.worktrees/1572-bounded-shadow-20261004/packages/shared-types/src/index.ts'.
src/services/contentClassification/jevSdk.ts(75,34): error TS2304: Cannot find name 'FEED_SCORE_LEVELS'.
src/services/contentClassification/lowEffort.ts(26,8): error TS6305: Output file '/home/nate/Oxy/Mention/.worktrees/1572-bounded-shadow-20261004/packages/shared-types/dist/textEntities.d.ts' has not been built from source file '/home/nate/Oxy/Mention/.worktrees/1572-bounded-shadow-20261004/packages/shared-types/src/textEntities.ts'.
src/services/contentClassification/spamQuality.ts(18,47): error TS6305: Output file '/home/nate/Oxy/Mention/.worktrees/1572-bounded-shadow-20261004/packages/shared-types/dist/index.d.ts' has not been built from source file '/home/nate/Oxy/Mention/.worktrees/1572-bounded-shadow-20261004/packages/shared-types/src/index.ts'.
src/services/contentClassification/spamQuality.ts(23,8): error TS6305: Output file '/home/nate/Oxy/Mention/.worktrees/1572-bounded-shadow-20261004/packages/shared-types/dist/textEntities.d.ts' has not been built from source file '/home/nate/Oxy/Mention/.worktrees/1572-bounded-shadow-20261004/packages/shared-types/src/textEntities.ts'.
src/services/contentClassification/trustedScores.ts(23,67): error TS6305: Output file '/home/nate/Oxy/Mention/.worktrees/1572-bounded-shadow-20261004/packages/shared-types/dist/index.d.ts' has not been built from source file '/home/nate/Oxy/Mention/.worktrees/1572-bounded-shadow-20261004/packages/shared-types/src/index.ts'.
src/services/curatorFollowerCounts.ts(35,27): error TS6305: Output file '/home/nate/Oxy/Mention/.worktrees/1572-bounded-shadow-20261004/packages/shared-types/dist/index.d.ts' has not been built from source file '/home/nate/Oxy/Mention/.worktrees/1572-bounded-shadow-20261004/packages/shared-types/src/index.ts'.
src/services/federation/remoteProfileStats.ts(1,41): error TS6305: Output file '/home/nate/Oxy/Mention/.worktrees/1572-bounded-shadow-20261004/packages/shared-types/dist/profile.d.ts' has not been built from source file '/home/nate/Oxy/Mention/.worktrees/1572-bounded-shadow-20261004/packages/shared-types/src/profile.ts'.
src/services/feedViewCounter.ts(1,43): error TS6305: Output file '/home/nate/Oxy/Mention/.worktrees/1572-bounded-shadow-20261004/packages/shared-types/dist/index.d.ts' has not been built from source file '/home/nate/Oxy/Mention/.worktrees/1572-bounded-shadow-20261004/packages/shared-types/src/index.ts'.
src/services/followerSnapshotJob.ts(27,32): error TS6305: Output file '/home/nate/Oxy/Mention/.worktrees/1572-bounded-shadow-20261004/packages/shared-types/dist/index.d.ts' has not been built from source file '/home/nate/Oxy/Mention/.worktrees/1572-bounded-shadow-20261004/packages/shared-types/src/index.ts'.
src/services/jobAuthority.ts(20,53): error TS6305: Output file '/home/nate/Oxy/Mention/.worktrees/1572-bounded-shadow-20261004/packages/shared-types/dist/index.d.ts' has not been built from source file '/home/nate/Oxy/Mention/.worktrees/1572-bounded-shadow-20261004/packages/shared-types/src/index.ts'.
src/services/jobEntitlement.ts(17,44): error TS6305: Output file '/home/nate/Oxy/Mention/.worktrees/1572-bounded-shadow-20261004/packages/shared-types/dist/index.d.ts' has not been built from source file '/home/nate/Oxy/Mention/.worktrees/1572-bounded-shadow-20261004/packages/shared-types/src/index.ts'.
src/services/jobPlaces.ts(20,8): error TS6305: Output file '/home/nate/Oxy/Mention/.worktrees/1572-bounded-shadow-20261004/packages/shared-types/dist/index.d.ts' has not been built from source file '/home/nate/Oxy/Mention/.worktrees/1572-bounded-shadow-20261004/packages/shared-types/src/index.ts'.
src/services/laneVisibility.ts(28,56): error TS6305: Output file '/home/nate/Oxy/Mention/.worktrees/1572-bounded-shadow-20261004/packages/shared-types/dist/index.d.ts' has not been built from source file '/home/nate/Oxy/Mention/.worktrees/1572-bounded-shadow-20261004/packages/shared-types/src/index.ts'.
src/services/moderation/ModerationDecisionWorker.ts(2,50): error TS6305: Output file '/home/nate/Oxy/Mention/.worktrees/1572-bounded-shadow-20261004/packages/shared-types/dist/index.d.ts' has not been built from source file '/home/nate/Oxy/Mention/.worktrees/1572-bounded-shadow-20261004/packages/shared-types/src/index.ts'.
src/services/moderation/ModerationEnforcementService.ts(6,8): error TS6305: Output file '/home/nate/Oxy/Mention/.worktrees/1572-bounded-shadow-20261004/packages/shared-types/dist/index.d.ts' has not been built from source file '/home/nate/Oxy/Mention/.worktrees/1572-bounded-shadow-20261004/packages/shared-types/src/index.ts'.
src/services/moderation/ModerationEnforcementService.ts(111,4): error TS2366: Function lacks ending return statement and return type does not include 'undefined'.
src/services/moderation/ModerationEnforcementService.ts(294,4): error TS2366: Function lacks ending return statement and return type does not include 'undefined'.
src/services/moderation/enforcementPlan.ts(2,50): error TS6305: Output file '/home/nate/Oxy/Mention/.worktrees/1572-bounded-shadow-20261004/packages/shared-types/dist/index.d.ts' has not been built from source file '/home/nate/Oxy/Mention/.worktrees/1572-bounded-shadow-20261004/packages/shared-types/src/index.ts'.
src/services/moderation/reportStatus.ts(29,44): error TS6305: Output file '/home/nate/Oxy/Mention/.worktrees/1572-bounded-shadow-20261004/packages/shared-types/dist/index.d.ts' has not been built from source file '/home/nate/Oxy/Mention/.worktrees/1572-bounded-shadow-20261004/packages/shared-types/src/index.ts'.
src/services/mtn/MentionNodeSyncService.ts(84,8): error TS6305: Output file '/home/nate/Oxy/Mention/.worktrees/1572-bounded-shadow-20261004/packages/shared-types/dist/index.d.ts' has not been built from source file '/home/nate/Oxy/Mention/.worktrees/1572-bounded-shadow-20261004/packages/shared-types/src/index.ts'.
src/services/mtn/MentionRecordEmitter.ts(35,8): error TS6305: Output file '/home/nate/Oxy/Mention/.worktrees/1572-bounded-shadow-20261004/packages/shared-types/dist/index.d.ts' has not been built from source file '/home/nate/Oxy/Mention/.worktrees/1572-bounded-shadow-20261004/packages/shared-types/src/index.ts'.
src/services/mtn/PostMaterializer.ts(103,8): error TS6305: Output file '/home/nate/Oxy/Mention/.worktrees/1572-bounded-shadow-20261004/packages/shared-types/dist/index.d.ts' has not been built from source file '/home/nate/Oxy/Mention/.worktrees/1572-bounded-shadow-20261004/packages/shared-types/src/index.ts'.
src/services/mtn/PostMaterializer.ts(104,40): error TS6305: Output file '/home/nate/Oxy/Mention/.worktrees/1572-bounded-shadow-20261004/packages/shared-types/dist/index.d.ts' has not been built from source file '/home/nate/Oxy/Mention/.worktrees/1572-bounded-shadow-20261004/packages/shared-types/src/index.ts'.
src/services/mtn/PostMaterializer.ts(105,42): error TS6305: Output file '/home/nate/Oxy/Mention/.worktrees/1572-bounded-shadow-20261004/packages/shared-types/dist/index.d.ts' has not been built from source file '/home/nate/Oxy/Mention/.worktrees/1572-bounded-shadow-20261004/packages/shared-types/src/index.ts'.
src/services/mtn/mentionNodes.constants.ts(12,71): error TS6305: Output file '/home/nate/Oxy/Mention/.worktrees/1572-bounded-shadow-20261004/packages/shared-types/dist/index.d.ts' has not been built from source file '/home/nate/Oxy/Mention/.worktrees/1572-bounded-shadow-20261004/packages/shared-types/src/index.ts'.
src/services/mtn/mentionNodes.constants.ts(113,4): error TS7006: Parameter 'collection' implicitly has an 'any' type.
src/services/mtn/mentionRecordBuilders.ts(41,8): error TS6305: Output file '/home/nate/Oxy/Mention/.worktrees/1572-bounded-shadow-20261004/packages/shared-types/dist/index.d.ts' has not been built from source file '/home/nate/Oxy/Mention/.worktrees/1572-bounded-shadow-20261004/packages/shared-types/src/index.ts'.
src/services/mtn/mentionRecordBuilders.ts(163,18): error TS7053: Element implicitly has an 'any' type because expression of type 'any' can't be used to index type 'Record<"image" | "video" | "gif", MtnEmbedMediaItem>'.
src/services/mtn/mtnNodeBlobMirror.ts(41,59): error TS6305: Output file '/home/nate/Oxy/Mention/.worktrees/1572-bounded-shadow-20261004/packages/shared-types/dist/index.d.ts' has not been built from source file '/home/nate/Oxy/Mention/.worktrees/1572-bounded-shadow-20261004/packages/shared-types/src/index.ts'.
src/services/postArticles.ts(23,41): error TS6305: Output file '/home/nate/Oxy/Mention/.worktrees/1572-bounded-shadow-20261004/packages/shared-types/dist/index.d.ts' has not been built from source file '/home/nate/Oxy/Mention/.worktrees/1572-bounded-shadow-20261004/packages/shared-types/src/index.ts'.
src/services/postDocuments.ts(1,44): error TS6305: Output file '/home/nate/Oxy/Mention/.worktrees/1572-bounded-shadow-20261004/packages/shared-types/dist/index.d.ts' has not been built from source file '/home/nate/Oxy/Mention/.worktrees/1572-bounded-shadow-20261004/packages/shared-types/src/index.ts'.
src/services/postEngagementBroadcast.ts(6,8): error TS6305: Output file '/home/nate/Oxy/Mention/.worktrees/1572-bounded-shadow-20261004/packages/shared-types/dist/index.d.ts' has not been built from source file '/home/nate/Oxy/Mention/.worktrees/1572-bounded-shadow-20261004/packages/shared-types/src/index.ts'.
src/services/postEnrichment/clarityDocumentStep.ts(1,40): error TS6305: Output file '/home/nate/Oxy/Mention/.worktrees/1572-bounded-shadow-20261004/packages/shared-types/dist/index.d.ts' has not been built from source file '/home/nate/Oxy/Mention/.worktrees/1572-bounded-shadow-20261004/packages/shared-types/src/index.ts'.
src/services/postEnrichment/mediaMetadataStep.ts(1,32): error TS6305: Output file '/home/nate/Oxy/Mention/.worktrees/1572-bounded-shadow-20261004/packages/shared-types/dist/index.d.ts' has not been built from source file '/home/nate/Oxy/Mention/.worktrees/1572-bounded-shadow-20261004/packages/shared-types/src/index.ts'.
src/services/postEnrichment/types.ts(1,40): error TS6305: Output file '/home/nate/Oxy/Mention/.worktrees/1572-bounded-shadow-20261004/packages/shared-types/dist/index.d.ts' has not been built from source file '/home/nate/Oxy/Mention/.worktrees/1572-bounded-shadow-20261004/packages/shared-types/src/index.ts'.
src/services/postVariants.ts(12,8): error TS6305: Output file '/home/nate/Oxy/Mention/.worktrees/1572-bounded-shadow-20261004/packages/shared-types/dist/index.d.ts' has not been built from source file '/home/nate/Oxy/Mention/.worktrees/1572-bounded-shadow-20261004/packages/shared-types/src/index.ts'.
src/services/profileLinkMentions.ts(8,8): error TS6305: Output file '/home/nate/Oxy/Mention/.worktrees/1572-bounded-shadow-20261004/packages/shared-types/dist/mentions.d.ts' has not been built from source file '/home/nate/Oxy/Mention/.worktrees/1572-bounded-shadow-20261004/packages/shared-types/src/mentions.ts'.
src/services/profileLinkMentions.ts(13,8): error TS6305: Output file '/home/nate/Oxy/Mention/.worktrees/1572-bounded-shadow-20261004/packages/shared-types/dist/profileUrls.d.ts' has not been built from source file '/home/nate/Oxy/Mention/.worktrees/1572-bounded-shadow-20261004/packages/shared-types/src/profileUrls.ts'.
src/services/profileLinkMentions.ts(19,8): error TS6305: Output file '/home/nate/Oxy/Mention/.worktrees/1572-bounded-shadow-20261004/packages/shared-types/dist/textEntities.d.ts' has not been built from source file '/home/nate/Oxy/Mention/.worktrees/1572-bounded-shadow-20261004/packages/shared-types/src/textEntities.ts'.
src/services/profileLinkMentions.ts(327,6): error TS7006: Parameter 'entity' implicitly has an 'any' type.
src/services/profileLinkMentions.ts(591,43): error TS7006: Parameter 'text' implicitly has an 'any' type.
src/services/profileLinkMentions.ts(606,33): error TS7006: Parameter 'text' implicitly has an 'any' type.
src/services/profileLinkMentions.ts(610,12): error TS2322: Type 'unknown[]' is not assignable to type 'string[]'.
  Type 'unknown' is not assignable to type 'string'.
src/services/publicProfileFacts.ts(1,41): error TS6305: Output file '/home/nate/Oxy/Mention/.worktrees/1572-bounded-shadow-20261004/packages/shared-types/dist/profile.d.ts' has not been built from source file '/home/nate/Oxy/Mention/.worktrees/1572-bounded-shadow-20261004/packages/shared-types/src/profile.ts'.
src/services/ranking/signalContext.ts(17,41): error TS6305: Output file '/home/nate/Oxy/Mention/.worktrees/1572-bounded-shadow-20261004/packages/shared-types/dist/index.d.ts' has not been built from source file '/home/nate/Oxy/Mention/.worktrees/1572-bounded-shadow-20261004/packages/shared-types/src/index.ts'.
src/services/ranking/signals/authority.ts(7,27): error TS6305: Output file '/home/nate/Oxy/Mention/.worktrees/1572-bounded-shadow-20261004/packages/shared-types/dist/index.d.ts' has not been built from source file '/home/nate/Oxy/Mention/.worktrees/1572-bounded-shadow-20261004/packages/shared-types/src/index.ts'.
src/services/ranking/signals/classification.ts(12,47): error TS6305: Output file '/home/nate/Oxy/Mention/.worktrees/1572-bounded-shadow-20261004/packages/shared-types/dist/index.d.ts' has not been built from source file '/home/nate/Oxy/Mention/.worktrees/1572-bounded-shadow-20261004/packages/shared-types/src/index.ts'.
src/services/ranking/signals/engagement.ts(6,27): error TS6305: Output file '/home/nate/Oxy/Mention/.worktrees/1572-bounded-shadow-20261004/packages/shared-types/dist/index.d.ts' has not been built from source file '/home/nate/Oxy/Mention/.worktrees/1572-bounded-shadow-20261004/packages/shared-types/src/index.ts'.
src/services/ranking/signals/negativePenalty.ts(9,27): error TS6305: Output file '/home/nate/Oxy/Mention/.worktrees/1572-bounded-shadow-20261004/packages/shared-types/dist/index.d.ts' has not been built from source file '/home/nate/Oxy/Mention/.worktrees/1572-bounded-shadow-20261004/packages/shared-types/src/index.ts'.
src/services/ranking/signals/optIn.ts(18,27): error TS6305: Output file '/home/nate/Oxy/Mention/.worktrees/1572-bounded-shadow-20261004/packages/shared-types/dist/index.d.ts' has not been built from source file '/home/nate/Oxy/Mention/.worktrees/1572-bounded-shadow-20261004/packages/shared-types/src/index.ts'.
src/services/ranking/signals/personalization.ts(8,27): error TS6305: Output file '/home/nate/Oxy/Mention/.worktrees/1572-bounded-shadow-20261004/packages/shared-types/dist/index.d.ts' has not been built from source file '/home/nate/Oxy/Mention/.worktrees/1572-bounded-shadow-20261004/packages/shared-types/src/index.ts'.
src/services/ranking/signals/quality.ts(8,27): error TS6305: Output file '/home/nate/Oxy/Mention/.worktrees/1572-bounded-shadow-20261004/packages/shared-types/dist/index.d.ts' has not been built from source file '/home/nate/Oxy/Mention/.worktrees/1572-bounded-shadow-20261004/packages/shared-types/src/index.ts'.
src/services/ranking/signals/recency.ts(6,27): error TS6305: Output file '/home/nate/Oxy/Mention/.worktrees/1572-bounded-shadow-20261004/packages/shared-types/dist/index.d.ts' has not been built from source file '/home/nate/Oxy/Mention/.worktrees/1572-bounded-shadow-20261004/packages/shared-types/src/index.ts'.
src/services/ranking/signals/relationship.ts(7,27): error TS6305: Output file '/home/nate/Oxy/Mention/.worktrees/1572-bounded-shadow-20261004/packages/shared-types/dist/index.d.ts' has not been built from source file '/home/nate/Oxy/Mention/.worktrees/1572-bounded-shadow-20261004/packages/shared-types/src/index.ts'.
src/services/ranking/signals/trendingVelocity.ts(8,27): error TS6305: Output file '/home/nate/Oxy/Mention/.worktrees/1572-bounded-shadow-20261004/packages/shared-types/dist/index.d.ts' has not been built from source file '/home/nate/Oxy/Mention/.worktrees/1572-bounded-shadow-20261004/packages/shared-types/src/index.ts'.
src/services/safety/viewerSafety.ts(21,33): error TS6305: Output file '/home/nate/Oxy/Mention/.worktrees/1572-bounded-shadow-20261004/packages/shared-types/dist/index.d.ts' has not been built from source file '/home/nate/Oxy/Mention/.worktrees/1572-bounded-shadow-20261004/packages/shared-types/src/index.ts'.
src/services/search/SearchOrchestrator.ts(47,8): error TS6305: Output file '/home/nate/Oxy/Mention/.worktrees/1572-bounded-shadow-20261004/packages/shared-types/dist/index.d.ts' has not been built from source file '/home/nate/Oxy/Mention/.worktrees/1572-bounded-shadow-20261004/packages/shared-types/src/index.ts'.
src/services/search/SearchOrchestrator.ts(176,39): error TS7006: Parameter 'name' implicitly has an 'any' type.
src/services/serviceRegistry.ts(1,32): error TS6305: Output file '/home/nate/Oxy/Mention/.worktrees/1572-bounded-shadow-20261004/packages/shared-types/dist/index.d.ts' has not been built from source file '/home/nate/Oxy/Mention/.worktrees/1572-bounded-shadow-20261004/packages/shared-types/src/index.ts'.
src/services/starterPackCuration.ts(32,27): error TS6305: Output file '/home/nate/Oxy/Mention/.worktrees/1572-bounded-shadow-20261004/packages/shared-types/dist/index.d.ts' has not been built from source file '/home/nate/Oxy/Mention/.worktrees/1572-bounded-shadow-20261004/packages/shared-types/src/index.ts'.
src/services/trending/termExtraction.ts(22,27): error TS6305: Output file '/home/nate/Oxy/Mention/.worktrees/1572-bounded-shadow-20261004/packages/shared-types/dist/index.d.ts' has not been built from source file '/home/nate/Oxy/Mention/.worktrees/1572-bounded-shadow-20261004/packages/shared-types/src/index.ts'.
src/services/trending/termExtraction.ts(23,42): error TS6305: Output file '/home/nate/Oxy/Mention/.worktrees/1572-bounded-shadow-20261004/packages/shared-types/dist/mentions.d.ts' has not been built from source file '/home/nate/Oxy/Mention/.worktrees/1572-bounded-shadow-20261004/packages/shared-types/src/mentions.ts'.
src/services/trending/termExtraction.ts(24,35): error TS6305: Output file '/home/nate/Oxy/Mention/.worktrees/1572-bounded-shadow-20261004/packages/shared-types/dist/textEntities.d.ts' has not been built from source file '/home/nate/Oxy/Mention/.worktrees/1572-bounded-shadow-20261004/packages/shared-types/src/textEntities.ts'.
src/services/trending/trendClustering.ts(23,47): error TS6305: Output file '/home/nate/Oxy/Mention/.worktrees/1572-bounded-shadow-20261004/packages/shared-types/dist/index.d.ts' has not been built from source file '/home/nate/Oxy/Mention/.worktrees/1572-bounded-shadow-20261004/packages/shared-types/src/index.ts'.
src/services/trending/trendDecoration.ts(11,27): error TS6305: Output file '/home/nate/Oxy/Mention/.worktrees/1572-bounded-shadow-20261004/packages/shared-types/dist/index.d.ts' has not been built from source file '/home/nate/Oxy/Mention/.worktrees/1572-bounded-shadow-20261004/packages/shared-types/src/index.ts'.
src/services/trending/trendDecoration.ts(18,31): error TS6305: Output file '/home/nate/Oxy/Mention/.worktrees/1572-bounded-shadow-20261004/packages/shared-types/dist/index.d.ts' has not been built from source file '/home/nate/Oxy/Mention/.worktrees/1572-bounded-shadow-20261004/packages/shared-types/src/index.ts'.
src/services/trending/trendDetection.ts(14,43): error TS6305: Output file '/home/nate/Oxy/Mention/.worktrees/1572-bounded-shadow-20261004/packages/shared-types/dist/index.d.ts' has not been built from source file '/home/nate/Oxy/Mention/.worktrees/1572-bounded-shadow-20261004/packages/shared-types/src/index.ts'.
src/services/trending/trendExcerpts.ts(12,32): error TS6305: Output file '/home/nate/Oxy/Mention/.worktrees/1572-bounded-shadow-20261004/packages/shared-types/dist/index.d.ts' has not been built from source file '/home/nate/Oxy/Mention/.worktrees/1572-bounded-shadow-20261004/packages/shared-types/src/index.ts'.
src/services/trending/trendGraph.ts(17,40): error TS6305: Output file '/home/nate/Oxy/Mention/.worktrees/1572-bounded-shadow-20261004/packages/shared-types/dist/index.d.ts' has not been built from source file '/home/nate/Oxy/Mention/.worktrees/1572-bounded-shadow-20261004/packages/shared-types/src/index.ts'.
src/services/trending/trendGraphQuery.ts(10,79): error TS6305: Output file '/home/nate/Oxy/Mention/.worktrees/1572-bounded-shadow-20261004/packages/shared-types/dist/index.d.ts' has not been built from source file '/home/nate/Oxy/Mention/.worktrees/1572-bounded-shadow-20261004/packages/shared-types/src/index.ts'.
src/services/trending/trendGraphQuery.ts(47,33): error TS7006: Parameter 'code' implicitly has an 'any' type.
src/services/trending/trendGraphQuery.ts(50,31): error TS7006: Parameter 'code' implicitly has an 'any' type.
src/services/trending/trendItems.ts(15,27): error TS6305: Output file '/home/nate/Oxy/Mention/.worktrees/1572-bounded-shadow-20261004/packages/shared-types/dist/index.d.ts' has not been built from source file '/home/nate/Oxy/Mention/.worktrees/1572-bounded-shadow-20261004/packages/shared-types/src/index.ts'.
src/services/trending/trendItems.ts(30,61): error TS6305: Output file '/home/nate/Oxy/Mention/.worktrees/1572-bounded-shadow-20261004/packages/shared-types/dist/index.d.ts' has not been built from source file '/home/nate/Oxy/Mention/.worktrees/1572-bounded-shadow-20261004/packages/shared-types/src/index.ts'.
src/services/trending/trendLabeling.ts(36,51): error TS6305: Output file '/home/nate/Oxy/Mention/.worktrees/1572-bounded-shadow-20261004/packages/shared-types/dist/index.d.ts' has not been built from source file '/home/nate/Oxy/Mention/.worktrees/1572-bounded-shadow-20261004/packages/shared-types/src/index.ts'.
src/services/trending/trendLabeling.ts(37,36): error TS6305: Output file '/home/nate/Oxy/Mention/.worktrees/1572-bounded-shadow-20261004/packages/shared-types/dist/index.d.ts' has not been built from source file '/home/nate/Oxy/Mention/.worktrees/1572-bounded-shadow-20261004/packages/shared-types/src/index.ts'.
src/services/trending/trendRow.ts(11,71): error TS6305: Output file '/home/nate/Oxy/Mention/.worktrees/1572-bounded-shadow-20261004/packages/shared-types/dist/index.d.ts' has not been built from source file '/home/nate/Oxy/Mention/.worktrees/1572-bounded-shadow-20261004/packages/shared-types/src/index.ts'.
src/services/trending/trendScoring.ts(31,27): error TS6305: Output file '/home/nate/Oxy/Mention/.worktrees/1572-bounded-shadow-20261004/packages/shared-types/dist/index.d.ts' has not been built from source file '/home/nate/Oxy/Mention/.worktrees/1572-bounded-shadow-20261004/packages/shared-types/src/index.ts'.
src/services/trending/trendScoring.ts(32,34): error TS6305: Output file '/home/nate/Oxy/Mention/.worktrees/1572-bounded-shadow-20261004/packages/shared-types/dist/index.d.ts' has not been built from source file '/home/nate/Oxy/Mention/.worktrees/1572-bounded-shadow-20261004/packages/shared-types/src/index.ts'.
src/services/trending/trendSeries.ts(23,27): error TS6305: Output file '/home/nate/Oxy/Mention/.worktrees/1572-bounded-shadow-20261004/packages/shared-types/dist/index.d.ts' has not been built from source file '/home/nate/Oxy/Mention/.worktrees/1572-bounded-shadow-20261004/packages/shared-types/src/index.ts'.
src/services/trending/trendSummary.ts(28,27): error TS6305: Output file '/home/nate/Oxy/Mention/.worktrees/1572-bounded-shadow-20261004/packages/shared-types/dist/index.d.ts' has not been built from source file '/home/nate/Oxy/Mention/.worktrees/1572-bounded-shadow-20261004/packages/shared-types/src/index.ts'.
src/services/trending/trendTelemetry.ts(41,8): error TS6305: Output file '/home/nate/Oxy/Mention/.worktrees/1572-bounded-shadow-20261004/packages/shared-types/dist/index.d.ts' has not been built from source file '/home/nate/Oxy/Mention/.worktrees/1572-bounded-shadow-20261004/packages/shared-types/src/index.ts'.
src/services/userSummaryCache.ts(1,31): error TS6305: Output file '/home/nate/Oxy/Mention/.worktrees/1572-bounded-shadow-20261004/packages/shared-types/dist/index.d.ts' has not been built from source file '/home/nate/Oxy/Mention/.worktrees/1572-bounded-shadow-20261004/packages/shared-types/src/index.ts'.
src/services/webShellRenderer.ts(17,35): error TS6305: Output file '/home/nate/Oxy/Mention/.worktrees/1572-bounded-shadow-20261004/packages/shared-types/dist/index.d.ts' has not been built from source file '/home/nate/Oxy/Mention/.worktrees/1572-bounded-shadow-20261004/packages/shared-types/src/index.ts'.
src/services/webShellRenderer.ts(18,41): error TS6305: Output file '/home/nate/Oxy/Mention/.worktrees/1572-bounded-shadow-20261004/packages/shared-types/dist/profile.d.ts' has not been built from source file '/home/nate/Oxy/Mention/.worktrees/1572-bounded-shadow-20261004/packages/shared-types/src/profile.ts'.
src/services/webShellRenderer.ts(19,36): error TS6305: Output file '/home/nate/Oxy/Mention/.worktrees/1572-bounded-shadow-20261004/packages/shared-types/dist/seo.d.ts' has not been built from source file '/home/nate/Oxy/Mention/.worktrees/1572-bounded-shadow-20261004/packages/shared-types/src/seo.ts'.
src/services/webShellRenderer.ts(495,14): error TS7006: Parameter 'item' implicitly has an 'any' type.
src/services/webShellRenderer.ts(496,11): error TS7006: Parameter 'item' implicitly has an 'any' type.
src/services/webShellRenderer.ts(497,14): error TS7006: Parameter 'value' implicitly has an 'any' type.
src/services/webShellRenderer.ts(499,14): error TS7006: Parameter 'item' implicitly has an 'any' type.
src/services/webShellRenderer.ts(500,11): error TS7006: Parameter 'item' implicitly has an 'any' type.
src/utils/FeedResponseBuilder.ts(6,79): error TS6305: Output file '/home/nate/Oxy/Mention/.worktrees/1572-bounded-shadow-20261004/packages/shared-types/dist/index.d.ts' has not been built from source file '/home/nate/Oxy/Mention/.worktrees/1572-bounded-shadow-20261004/packages/shared-types/src/index.ts'.
src/utils/clarityDocuments.ts(1,38): error TS6305: Output file '/home/nate/Oxy/Mention/.worktrees/1572-bounded-shadow-20261004/packages/shared-types/dist/index.d.ts' has not been built from source file '/home/nate/Oxy/Mention/.worktrees/1572-bounded-shadow-20261004/packages/shared-types/src/index.ts'.
src/utils/clarityDocuments.ts(2,37): error TS6305: Output file '/home/nate/Oxy/Mention/.worktrees/1572-bounded-shadow-20261004/packages/shared-types/dist/profileUrls.d.ts' has not been built from source file '/home/nate/Oxy/Mention/.worktrees/1572-bounded-shadow-20261004/packages/shared-types/src/profileUrls.ts'.
src/utils/degradedActorSummary.ts(1,31): error TS6305: Output file '/home/nate/Oxy/Mention/.worktrees/1572-bounded-shadow-20261004/packages/shared-types/dist/index.d.ts' has not been built from source file '/home/nate/Oxy/Mention/.worktrees/1572-bounded-shadow-20261004/packages/shared-types/src/index.ts'.
src/utils/extractUrls.ts(1,36): error TS6305: Output file '/home/nate/Oxy/Mention/.worktrees/1572-bounded-shadow-20261004/packages/shared-types/dist/index.d.ts' has not been built from source file '/home/nate/Oxy/Mention/.worktrees/1572-bounded-shadow-20261004/packages/shared-types/src/index.ts'.
src/utils/extractUrls.ts(6,8): error TS6305: Output file '/home/nate/Oxy/Mention/.worktrees/1572-bounded-shadow-20261004/packages/shared-types/dist/textEntities.d.ts' has not been built from source file '/home/nate/Oxy/Mention/.worktrees/1572-bounded-shadow-20261004/packages/shared-types/src/textEntities.ts'.
src/utils/federation/linkifyApHtml.ts(1,62): error TS6305: Output file '/home/nate/Oxy/Mention/.worktrees/1572-bounded-shadow-20261004/packages/shared-types/dist/textEntities.d.ts' has not been built from source file '/home/nate/Oxy/Mention/.worktrees/1572-bounded-shadow-20261004/packages/shared-types/src/textEntities.ts'.
src/utils/feedQueryBuilder.ts(34,53): error TS6305: Output file '/home/nate/Oxy/Mention/.worktrees/1572-bounded-shadow-20261004/packages/shared-types/dist/index.d.ts' has not been built from source file '/home/nate/Oxy/Mention/.worktrees/1572-bounded-shadow-20261004/packages/shared-types/src/index.ts'.
src/utils/jobPostAttachment.ts(1,37): error TS6305: Output file '/home/nate/Oxy/Mention/.worktrees/1572-bounded-shadow-20261004/packages/shared-types/dist/index.d.ts' has not been built from source file '/home/nate/Oxy/Mention/.worktrees/1572-bounded-shadow-20261004/packages/shared-types/src/index.ts'.
src/utils/mediaResolver.ts(9,8): error TS6305: Output file '/home/nate/Oxy/Mention/.worktrees/1572-bounded-shadow-20261004/packages/shared-types/dist/index.d.ts' has not been built from source file '/home/nate/Oxy/Mention/.worktrees/1572-bounded-shadow-20261004/packages/shared-types/src/index.ts'.
src/utils/notificationUtils.ts(5,8): error TS6305: Output file '/home/nate/Oxy/Mention/.worktrees/1572-bounded-shadow-20261004/packages/shared-types/dist/mentions.d.ts' has not been built from source file '/home/nate/Oxy/Mention/.worktrees/1572-bounded-shadow-20261004/packages/shared-types/src/mentions.ts'.
src/utils/notificationUtils.ts(22,42): error TS6305: Output file '/home/nate/Oxy/Mention/.worktrees/1572-bounded-shadow-20261004/packages/shared-types/dist/index.d.ts' has not been built from source file '/home/nate/Oxy/Mention/.worktrees/1572-bounded-shadow-20261004/packages/shared-types/src/index.ts'.
src/utils/postAccessControl.ts(1,32): error TS6305: Output file '/home/nate/Oxy/Mention/.worktrees/1572-bounded-shadow-20261004/packages/shared-types/dist/index.d.ts' has not been built from source file '/home/nate/Oxy/Mention/.worktrees/1572-bounded-shadow-20261004/packages/shared-types/src/index.ts'.
src/utils/postAuthorship.ts(1,76): error TS6305: Output file '/home/nate/Oxy/Mention/.worktrees/1572-bounded-shadow-20261004/packages/shared-types/dist/index.d.ts' has not been built from source file '/home/nate/Oxy/Mention/.worktrees/1572-bounded-shadow-20261004/packages/shared-types/src/index.ts'.
src/utils/postAuthorship.ts(2,40): error TS6305: Output file '/home/nate/Oxy/Mention/.worktrees/1572-bounded-shadow-20261004/packages/shared-types/dist/index.d.ts' has not been built from source file '/home/nate/Oxy/Mention/.worktrees/1572-bounded-shadow-20261004/packages/shared-types/src/index.ts'.
src/utils/socket.ts(5,8): error TS6305: Output file '/home/nate/Oxy/Mention/.worktrees/1572-bounded-shadow-20261004/packages/shared-types/dist/index.d.ts' has not been built from source file '/home/nate/Oxy/Mention/.worktrees/1572-bounded-shadow-20261004/packages/shared-types/src/index.ts'.
src/utils/syraPodcast.ts(2,41): error TS6305: Output file '/home/nate/Oxy/Mention/.worktrees/1572-bounded-shadow-20261004/packages/shared-types/dist/index.d.ts' has not been built from source file '/home/nate/Oxy/Mention/.worktrees/1572-bounded-shadow-20261004/packages/shared-types/src/index.ts'.
src/utils/textProcessing.ts(11,8): error TS6305: Output file '/home/nate/Oxy/Mention/.worktrees/1572-bounded-shadow-20261004/packages/shared-types/dist/hashtags.d.ts' has not been built from source file '/home/nate/Oxy/Mention/.worktrees/1572-bounded-shadow-20261004/packages/shared-types/src/hashtags.ts'.
src/utils/textProcessing.ts(12,45): error TS6305: Output file '/home/nate/Oxy/Mention/.worktrees/1572-bounded-shadow-20261004/packages/shared-types/dist/mentions.d.ts' has not been built from source file '/home/nate/Oxy/Mention/.worktrees/1572-bounded-shadow-20261004/packages/shared-types/src/mentions.ts'.
src/utils/textProcessing.ts(26,8): error TS6305: Output file '/home/nate/Oxy/Mention/.worktrees/1572-bounded-shadow-20261004/packages/shared-types/dist/mentions.d.ts' has not been built from source file '/home/nate/Oxy/Mention/.worktrees/1572-bounded-shadow-20261004/packages/shared-types/src/mentions.ts'.
src/utils/viewerLanguage.ts(2,41): error TS6305: Output file '/home/nate/Oxy/Mention/.worktrees/1572-bounded-shadow-20261004/packages/shared-types/dist/index.d.ts' has not been built from source file '/home/nate/Oxy/Mention/.worktrees/1572-bounded-shadow-20261004/packages/shared-types/src/index.ts'.
